datetime,value
2022-12-07 14:12:57,518
2022-12-07 14:12:58,366
2022-12-07 14:12:59,475
2022-12-07 14:13:01,204
2022-12-07 14:13:02,-38
2022-12-07 14:13:03,-78
2022-12-07 14:13:05,464
2022-12-07 14:13:06,437
2022-12-07 14:13:07,-110
2022-12-07 14:13:09,19
2022-12-07 14:13:11,23
2022-12-07 14:13:12,54
2022-12-07 14:13:14,50
2022-12-07 14:13:15,44
2022-12-07 14:13:16,43
2022-12-07 14:13:18,108
2022-12-07 14:13:19,153
2022-12-07 14:13:21,-152
2022-12-07 14:13:22,152
2022-12-07 14:13:24,479
2022-12-07 14:13:25,5
2022-12-07 14:13:26,97
2022-12-07 14:13:28,158
2022-12-07 14:13:29,51
2022-12-07 14:13:30,-110
2022-12-07 14:13:31,90
2022-12-07 14:13:34,83
2022-12-07 14:13:35,82
2022-12-07 14:13:36,138
2022-12-07 14:13:37,145
2022-12-07 14:13:38,81
2022-12-07 14:13:40,100
2022-12-07 14:13:41,54
2022-12-07 14:13:43,65
2022-12-07 14:13:45,50
2022-12-07 14:13:46,118
2022-12-07 14:13:47,138
2022-12-07 14:13:49,278
2022-12-07 14:13:51,285
2022-12-07 14:13:52,314
2022-12-07 14:13:53,439
2022-12-07 14:13:54,141
2022-12-07 14:13:56,393
2022-12-07 14:13:57,338
2022-12-07 14:13:58,351
2022-12-07 14:14:00,112
2022-12-07 14:14:01,393
2022-12-07 14:14:03,281
2022-12-07 14:14:05,360
2022-12-07 14:14:05,333
2022-12-07 14:14:07,415
2022-12-07 14:14:08,469
2022-12-07 14:14:09,449
2022-12-07 14:14:12,474
2022-12-07 14:14:13,472
2022-12-07 14:14:15,451
2022-12-07 14:14:16,462
2022-12-07 14:14:17,457
2022-12-07 14:14:18,474
2022-12-07 14:14:19,463
2022-12-07 14:14:21,468
2022-12-07 14:14:22,464
2022-12-07 14:14:24,464
2022-12-07 14:14:24,475
2022-12-07 14:14:26,469
2022-12-07 14:14:27,459
2022-12-07 14:14:29,473
2022-12-07 14:14:30,331
2022-12-07 14:14:32,304
2022-12-07 14:14:34,319
2022-12-07 14:14:36,315
2022-12-07 14:14:37,320
2022-12-07 14:14:39,468
2022-12-07 14:14:40,473
2022-12-07 14:14:42,473
2022-12-07 14:14:45,464
2022-12-07 14:14:46,466
2022-12-07 14:14:46,476
2022-12-07 14:14:48,461
2022-12-07 14:14:49,467
2022-12-07 14:14:51,474
2022-12-07 14:14:52,423
2022-12-07 14:14:53,450
2022-12-07 14:14:55,455
2022-12-07 14:14:56,467
2022-12-07 14:14:57,457
2022-12-07 14:14:58,446
2022-12-07 14:15:00,459
2022-12-07 14:15:02,439
2022-12-07 14:15:03,412
2022-12-07 14:15:04,405
2022-12-07 14:15:05,429
2022-12-07 14:15:07,438
2022-12-07 14:15:09,412
2022-12-07 14:15:10,377
2022-12-07 14:15:11,384
2022-12-07 14:15:13,362
2022-12-07 14:15:14,363
2022-12-07 14:15:16,359
2022-12-07 14:15:17,378
2022-12-07 14:15:18,376
2022-12-07 14:15:20,377
2022-12-07 14:15:21,415
2022-12-07 14:15:22,313
2022-12-07 14:15:25,345
2022-12-07 14:15:26,292
2022-12-07 14:15:27,287
2022-12-07 14:15:28,341
2022-12-07 14:15:29,328
2022-12-07 14:15:30,353
2022-12-07 14:15:32,329
2022-12-07 14:15:33,328
2022-12-07 14:15:35,349
2022-12-07 14:15:36,322
2022-12-07 14:15:38,323
2022-12-07 14:15:39,340
2022-12-07 14:15:41,332
2022-12-07 14:15:42,336
2022-12-07 14:15:43,371
2022-12-07 14:15:45,352
2022-12-07 14:15:46,367
2022-12-07 14:15:48,427
2022-12-07 14:15:50,402
2022-12-07 14:15:51,367
2022-12-07 14:15:52,373
2022-12-07 14:15:54,377
2022-12-07 14:15:54,374
2022-12-07 14:15:57,361
2022-12-07 14:15:58,284
2022-12-07 14:15:59,300
2022-12-07 14:16:01,308
2022-12-07 14:16:02,287
2022-12-07 14:16:03,279
2022-12-07 14:16:06,288
2022-12-07 14:16:07,290
2022-12-07 14:16:09,285
2022-12-07 14:16:10,270
2022-12-07 14:16:12,281
2022-12-07 14:16:14,286
2022-12-07 14:16:15,293
2022-12-07 14:16:16,289
2022-12-07 14:16:17,291
2022-12-07 14:16:18,296
2022-12-07 14:16:19,289
2022-12-07 14:16:21,330
2022-12-07 14:16:22,298
2022-12-07 14:16:23,270
2022-12-07 14:16:26,203
2022-12-07 14:16:27,180
2022-12-07 14:16:28,160
2022-12-07 14:16:30,94
2022-12-07 14:16:31,-47
2022-12-07 14:16:32,-21
2022-12-07 14:16:34,93
2022-12-07 14:16:35,114
2022-12-07 14:16:36,115
2022-12-07 14:16:38,95
2022-12-07 14:16:39,114
2022-12-07 14:16:40,85
2022-12-07 14:16:41,104
2022-12-07 14:16:43,110
2022-12-07 14:16:44,106
2022-12-07 14:16:45,96
2022-12-07 14:16:46,106
2022-12-07 14:16:48,238
2022-12-07 14:16:51,0
2022-12-07 14:16:52,245
2022-12-07 14:16:54,313
2022-12-07 14:16:55,322
2022-12-07 14:16:56,310
2022-12-07 14:16:58,236
2022-12-07 14:17:00,293
2022-12-07 14:17:01,321
2022-12-07 14:17:02,295
2022-12-07 14:17:04,291
2022-12-07 14:17:06,292
2022-12-07 14:17:07,297
2022-12-07 14:17:10,360
2022-12-07 14:17:11,324
2022-12-07 14:17:12,244
2022-12-07 14:17:13,239
2022-12-07 14:17:15,309
2022-12-07 14:17:17,367
2022-12-07 14:17:18,141
2022-12-07 14:17:19,150
2022-12-07 14:17:20,153
2022-12-07 14:17:22,110
2022-12-07 14:17:24,96
2022-12-07 14:17:25,123
2022-12-07 14:17:27,118
2022-12-07 14:17:28,113
2022-12-07 14:17:29,130
2022-12-07 14:17:30,118
2022-12-07 14:17:32,107
2022-12-07 14:17:33,129
2022-12-07 14:17:35,115
2022-12-07 14:17:36,102
2022-12-07 14:17:37,153
2022-12-07 14:17:38,106
2022-12-07 14:17:39,180
2022-12-07 14:17:41,169
2022-12-07 14:17:43,1
2022-12-07 14:17:44,-9
2022-12-07 14:17:45,-25
2022-12-07 14:17:46,118
2022-12-07 14:17:47,-18
2022-12-07 14:17:49,-122
2022-12-07 14:17:51,-120
2022-12-07 14:17:52,-115
2022-12-07 14:17:55,-99
2022-12-07 14:17:56,-93
2022-12-07 14:17:57,-87
2022-12-07 14:17:59,-86
2022-12-07 14:18:00,-100
2022-12-07 14:18:02,-85
2022-12-07 14:18:03,-90
2022-12-07 14:18:05,-94
2022-12-07 14:18:06,-82
2022-12-07 14:18:07,-93
2022-12-07 14:18:08,-74
2022-12-07 14:18:10,105
2022-12-07 14:18:10,-89
2022-12-07 14:18:13,-47
2022-12-07 14:18:14,-47
2022-12-07 14:18:15,-39
2022-12-07 14:18:16,-68
2022-12-07 14:18:18,-85
2022-12-07 14:18:19,-79
2022-12-07 14:18:20,9
2022-12-07 14:18:21,29
2022-12-07 14:18:23,15
2022-12-07 14:18:25,-78
2022-12-07 14:18:27,25
2022-12-07 14:18:28,57
2022-12-07 14:18:29,65
2022-12-07 14:18:30,65
2022-12-07 14:18:32,82
2022-12-07 14:18:33,79
2022-12-07 14:18:34,79
2022-12-07 14:18:36,78
2022-12-07 14:18:37,72
2022-12-07 14:18:38,87
2022-12-07 14:18:40,84
2022-12-07 14:18:41,82
2022-12-07 14:18:42,96
2022-12-07 14:18:43,83
2022-12-07 14:18:45,86
2022-12-07 14:18:46,87
2022-12-07 14:18:47,101
2022-12-07 14:18:48,91
2022-12-07 14:18:49,88
2022-12-07 14:18:51,84
2022-12-07 14:18:52,75
2022-12-07 14:18:54,84
2022-12-07 14:18:55,132
2022-12-07 14:18:57,141
2022-12-07 14:18:58,86
2022-12-07 14:19:00,149
2022-12-07 14:19:01,57
2022-12-07 14:19:02,50
2022-12-07 14:19:03,375
2022-12-07 14:19:04,280
2022-12-07 14:19:05,213
2022-12-07 14:19:07,223
2022-12-07 14:19:07,226
2022-12-07 14:19:09,230
2022-12-07 14:19:10,219
2022-12-07 14:19:12,221
2022-12-07 14:19:13,241
2022-12-07 14:19:14,220
2022-12-07 14:19:15,231
2022-12-07 14:19:16,226
2022-12-07 14:19:18,227
2022-12-07 14:19:20,191
2022-12-07 14:19:22,207
2022-12-07 14:19:23,201
2022-12-07 14:19:24,208
2022-12-07 14:19:26,215
2022-12-07 14:19:27,216
2022-12-07 14:19:28,217
2022-12-07 14:19:30,212
2022-12-07 14:19:31,211
2022-12-07 14:19:32,203
2022-12-07 14:19:34,203
2022-12-07 14:19:35,215
2022-12-07 14:19:36,204
2022-12-07 14:19:38,214
2022-12-07 14:19:40,213
2022-12-07 14:19:42,210
2022-12-07 14:19:43,191
2022-12-07 14:19:44,210
2022-12-07 14:19:45,209
2022-12-07 14:19:46,195
2022-12-07 14:19:48,213
2022-12-07 14:19:49,209
2022-12-07 14:19:51,211
2022-12-07 14:19:52,208
2022-12-07 14:19:53,212
2022-12-07 14:19:54,207
2022-12-07 14:19:55,205
2022-12-07 14:19:57,173
2022-12-07 14:19:59,174
2022-12-07 14:20:00,190
2022-12-07 14:20:01,202
2022-12-07 14:20:02,206
2022-12-07 14:20:05,197
2022-12-07 14:20:06,194
2022-12-07 14:20:07,196
2022-12-07 14:20:08,166
2022-12-07 14:20:09,341
2022-12-07 14:20:10,353
2022-12-07 14:20:11,142
2022-12-07 14:20:12,416
2022-12-07 14:20:13,246
2022-12-07 14:20:14,460
2022-12-07 14:20:16,476
2022-12-07 14:20:17,464
2022-12-07 14:20:18,481
2022-12-07 14:20:20,473
2022-12-07 14:20:21,443
2022-12-07 14:20:23,460
2022-12-07 14:20:24,474
2022-12-07 14:20:26,402
2022-12-07 14:20:27,403
2022-12-07 14:20:29,454
2022-12-07 14:20:30,276
2022-12-07 14:20:31,280
2022-12-07 14:20:33,276
2022-12-07 14:20:34,281
2022-12-07 14:20:36,290
2022-12-07 14:20:36,283
2022-12-07 14:20:38,295
2022-12-07 14:20:40,265
2022-12-07 14:20:41,260
2022-12-07 14:20:42,274
2022-12-07 14:20:43,268
2022-12-07 14:20:45,273
2022-12-07 14:20:46,275
2022-12-07 14:20:49,401
2022-12-07 14:20:50,302
2022-12-07 14:20:51,322
2022-12-07 14:20:52,399
2022-12-07 14:20:54,298
2022-12-07 14:20:55,277
2022-12-07 14:20:57,285
2022-12-07 14:20:58,305
2022-12-07 14:20:59,396
2022-12-07 14:21:00,269
2022-12-07 14:21:01,250
2022-12-07 14:21:03,120
2022-12-07 14:21:04,202
2022-12-07 14:21:06,37
2022-12-07 14:21:07,97
2022-12-07 14:21:10,247
2022-12-07 14:21:11,349
2022-12-07 14:21:13,219
2022-12-07 14:21:14,229
2022-12-07 14:21:16,233
2022-12-07 14:21:17,240
2022-12-07 14:21:18,230
2022-12-07 14:21:20,238
2022-12-07 14:21:21,245
2022-12-07 14:21:22,235
2022-12-07 14:21:23,244
2022-12-07 14:21:25,257
2022-12-07 14:21:27,251
2022-12-07 14:21:28,252
2022-12-07 14:21:29,265
2022-12-07 14:21:30,278
2022-12-07 14:21:32,281
2022-12-07 14:21:33,323
2022-12-07 14:21:34,329
2022-12-07 14:21:35,374
2022-12-07 14:21:37,377
2022-12-07 14:21:38,386
2022-12-07 14:21:40,375
2022-12-07 14:21:42,386
2022-12-07 14:21:43,380
2022-12-07 14:21:45,377
2022-12-07 14:21:46,376
2022-12-07 14:21:47,374
2022-12-07 14:21:49,373
2022-12-07 14:21:50,370
2022-12-07 14:21:50,370
2022-12-07 14:21:52,376
2022-12-07 14:21:53,369
2022-12-07 14:21:55,304
2022-12-07 14:21:57,378
2022-12-07 14:21:58,382
2022-12-07 14:21:59,360
2022-12-07 14:22:01,396
2022-12-07 14:22:02,387
2022-12-07 14:22:04,380
2022-12-07 14:22:06,384
2022-12-07 14:22:07,382
2022-12-07 14:22:08,376
2022-12-07 14:22:10,374
2022-12-07 14:22:11,385
2022-12-07 14:22:13,227
2022-12-07 14:22:15,276
2022-12-07 14:22:16,270
2022-12-07 14:22:17,251
2022-12-07 14:22:18,205
2022-12-07 14:22:21,308
2022-12-07 14:22:22,368
2022-12-07 14:22:23,390
2022-12-07 14:22:24,391
2022-12-07 14:22:26,400
2022-12-07 14:22:27,392
2022-12-07 14:22:29,401
2022-12-07 14:22:31,407
2022-12-07 14:22:32,424
2022-12-07 14:22:33,415
2022-12-07 14:22:37,351
2022-12-07 14:22:39,373
2022-12-07 14:22:40,328
2022-12-07 14:22:41,326
2022-12-07 14:22:42,307
2022-12-07 14:22:44,288
2022-12-07 14:22:46,344
2022-12-07 14:22:50,358
2022-12-07 14:22:55,353
2022-12-07 14:22:57,375
2022-12-07 14:22:59,369
2022-12-07 14:23:01,402
2022-12-07 14:23:03,384
2022-12-07 14:23:03,311
2022-12-07 14:23:06,286
2022-12-07 14:23:07,290
2022-12-07 14:23:09,316
2022-12-07 14:23:16,359
2022-12-07 14:23:18,366
2022-12-07 14:23:19,395
2022-12-07 14:23:20,350
2022-12-07 14:23:23,361
2022-12-07 14:23:25,310
2022-12-07 14:23:27,352
2022-12-07 14:23:28,343
2022-12-07 14:23:30,373
2022-12-07 14:23:32,428
2022-12-07 14:23:34,334
2022-12-07 14:23:36,355
2022-12-07 14:23:38,372
2022-12-07 14:23:39,364
2022-12-07 14:23:40,321
2022-12-07 14:23:41,298
2022-12-07 14:23:43,307
2022-12-07 14:23:44,308
2022-12-07 14:23:45,183
2022-12-07 14:23:46,187
2022-12-07 14:23:48,253
2022-12-07 14:23:49,234
2022-12-07 14:23:50,244
2022-12-07 14:23:51,242
2022-12-07 14:23:53,239
2022-12-07 14:23:54,264
2022-12-07 14:23:56,369
2022-12-07 14:23:57,360
2022-12-07 14:23:58,365
2022-12-07 14:23:59,348
2022-12-07 14:24:01,406
2022-12-07 14:24:03,384
2022-12-07 14:24:04,381
2022-12-07 14:24:06,386
2022-12-07 14:24:07,377
2022-12-07 14:24:09,374
2022-12-07 14:24:09,384
2022-12-07 14:24:10,392
2022-12-07 14:24:11,375
2022-12-07 14:24:12,383
2022-12-07 14:24:15,376
2022-12-07 14:24:15,430
2022-12-07 14:24:17,425
2022-12-07 14:24:18,417
2022-12-07 14:24:20,400
2022-12-07 14:24:22,262
2022-12-07 14:24:23,302
2022-12-07 14:24:25,386
2022-12-07 14:24:26,406
2022-12-07 14:24:28,394
2022-12-07 14:24:28,388
2022-12-07 14:24:29,406
2022-12-07 14:24:31,395
2022-12-07 14:24:33,406
2022-12-07 14:24:34,395
2022-12-07 14:24:35,397
2022-12-07 14:24:36,402
2022-12-07 14:24:38,405
2022-12-07 14:24:39,409
2022-12-07 14:24:40,406
2022-12-07 14:24:41,412
2022-12-07 14:24:43,396
2022-12-07 14:24:44,407
2022-12-07 14:24:45,413
2022-12-07 14:24:47,406
2022-12-07 14:24:48,410
2022-12-07 14:24:50,400
2022-12-07 14:24:51,401
2022-12-07 14:24:52,404
2022-12-07 14:24:53,399
2022-12-07 14:24:54,313
2022-12-07 14:24:55,321
2022-12-07 14:24:56,401
2022-12-07 14:24:58,380
2022-12-07 14:24:59,388
2022-12-07 14:25:00,347
2022-12-07 14:25:02,300
2022-12-07 14:25:03,300
2022-12-07 14:25:06,280
2022-12-07 14:25:07,273
2022-12-07 14:25:08,262
2022-12-07 14:25:09,248
2022-12-07 14:25:10,236
2022-12-07 14:25:12,233
2022-12-07 14:25:13,239
2022-12-07 14:25:14,238
2022-12-07 14:25:16,240
2022-12-07 14:25:17,301
2022-12-07 14:25:18,300
2022-12-07 14:25:19,291
2022-12-07 14:25:20,301
2022-12-07 14:25:23,290
2022-12-07 14:25:25,396
2022-12-07 14:25:26,353
2022-12-07 14:25:27,-119
2022-12-07 14:25:28,-38
2022-12-07 14:25:31,359
2022-12-07 14:25:32,393
2022-12-07 14:25:33,416
2022-12-07 14:25:35,401
2022-12-07 14:25:36,403
2022-12-07 14:25:37,394
2022-12-07 14:25:38,394
2022-12-07 14:25:40,374
2022-12-07 14:25:41,382
2022-12-07 14:25:42,383
2022-12-07 14:25:43,385
2022-12-07 14:25:44,420
2022-12-07 14:25:46,384
2022-12-07 14:25:47,378
2022-12-07 14:25:48,381
2022-12-07 14:25:50,387
2022-12-07 14:25:51,383
2022-12-07 14:25:53,381
2022-12-07 14:25:54,378
2022-12-07 14:25:55,397
2022-12-07 14:25:56,398
2022-12-07 14:25:58,390
2022-12-07 14:26:00,396
2022-12-07 14:26:01,387
2022-12-07 14:26:02,395
2022-12-07 14:26:03,408
2022-12-07 14:26:04,413
2022-12-07 14:26:07,404
2022-12-07 14:26:08,409
2022-12-07 14:26:09,395
2022-12-07 14:26:10,405
2022-12-07 14:26:11,403
2022-12-07 14:26:12,400
2022-12-07 14:26:14,393
2022-12-07 14:26:15,394
2022-12-07 14:26:16,401
2022-12-07 14:26:18,397
2022-12-07 14:26:19,393
2022-12-07 14:26:20,407
2022-12-07 14:26:21,408
2022-12-07 14:26:22,399
2022-12-07 14:26:24,392
2022-12-07 14:26:25,398
2022-12-07 14:26:27,406
2022-12-07 14:26:28,408
2022-12-07 14:26:30,403
2022-12-07 14:26:31,401
2022-12-07 14:26:32,397
2022-12-07 14:26:33,405
2022-12-07 14:26:34,402
2022-12-07 14:26:36,405
2022-12-07 14:26:37,414
2022-12-07 14:26:38,403
2022-12-07 14:26:40,395
2022-12-07 14:26:41,397
2022-12-07 14:26:42,393
2022-12-07 14:26:44,396
2022-12-07 14:26:45,394
2022-12-07 14:26:46,384
2022-12-07 14:26:48,395
2022-12-07 14:26:49,369
2022-12-07 14:26:50,437
2022-12-07 14:26:51,413
2022-12-07 14:26:53,384
2022-12-07 14:26:54,399
2022-12-07 14:26:55,416
2022-12-07 14:26:57,424
2022-12-07 14:26:58,440
2022-12-07 14:27:00,432
2022-12-07 14:27:01,378
2022-12-07 14:27:02,389
2022-12-07 14:27:03,393
2022-12-07 14:27:04,363
2022-12-07 14:27:06,356
2022-12-07 14:27:07,382
2022-12-07 14:27:09,387
2022-12-07 14:27:11,390
2022-12-07 14:27:13,387
2022-12-07 14:27:14,363
2022-12-07 14:27:16,388
2022-12-07 14:27:18,373
2022-12-07 14:27:18,393
2022-12-07 14:27:20,379
2022-12-07 14:27:21,367
2022-12-07 14:27:23,360
2022-12-07 14:27:24,374
2022-12-07 14:27:25,370
2022-12-07 14:27:26,377
2022-12-07 14:27:28,385
2022-12-07 14:27:29,390
2022-12-07 14:27:30,371
2022-12-07 14:27:32,383
2022-12-07 14:27:33,409
2022-12-07 14:27:34,399
2022-12-07 14:27:35,390
2022-12-07 14:27:37,398
2022-12-07 14:27:38,385
2022-12-07 14:27:40,380
2022-12-07 14:27:41,379
2022-12-07 14:27:42,384
2022-12-07 14:27:43,394
2022-12-07 14:27:46,396
2022-12-07 14:27:46,392
2022-12-07 14:27:47,396
2022-12-07 14:27:49,404
2022-12-07 14:27:51,386
2022-12-07 14:27:51,397
2022-12-07 14:27:53,361
2022-12-07 14:27:54,369
2022-12-07 14:27:55,380
2022-12-07 14:27:58,394
2022-12-07 14:28:00,400
2022-12-07 14:28:01,352
2022-12-07 14:28:04,426
2022-12-07 14:28:05,419
2022-12-07 14:28:07,375
2022-12-07 14:28:08,388
2022-12-07 14:28:09,441
2022-12-07 14:28:10,425
2022-12-07 14:28:12,441
2022-12-07 14:28:13,321
2022-12-07 14:49:00,-88
2022-12-07 14:49:02,174
2022-12-07 14:49:03,81
2022-12-07 14:49:05,231
2022-12-07 14:49:06,86
2022-12-07 14:49:07,121
2022-12-07 14:49:08,206
2022-12-07 14:49:10,170
2022-12-07 14:49:11,223
2022-12-07 14:49:12,411
2022-12-07 14:49:14,-9
2022-12-07 14:49:15,117
2022-12-07 14:49:16,86
2022-12-07 14:49:17,-344
2022-12-07 14:49:19,-344
2022-12-07 14:49:20,101
2022-12-07 14:49:21,-199
2022-12-07 14:49:24,229
2022-12-07 14:49:25,-140
2022-12-07 14:49:26,209
2022-12-07 14:49:27,-25
2022-12-07 14:49:29,-217
2022-12-07 14:49:30,-142
2022-12-07 14:49:31,-186
2022-12-07 14:49:32,-215
2022-12-07 14:49:34,-474
2022-12-07 14:49:36,63
2022-12-07 14:49:37,80
2022-12-07 14:49:39,49
2022-12-07 14:49:40,49
2022-12-07 14:49:41,106
2022-12-07 14:49:42,136
2022-12-07 14:49:44,41
2022-12-07 14:49:45,5
2022-12-07 14:49:47,-241
2022-12-07 14:49:48,164
2022-12-07 14:49:50,-549
2022-12-07 14:49:50,-339
2022-12-07 14:49:52,-296
2022-12-07 14:49:53,-195
2022-12-07 14:49:54,-200
2022-12-07 14:49:55,-288
2022-12-07 14:49:57,-252
2022-12-07 14:49:58,-271
2022-12-07 14:50:00,-399
2022-12-07 14:50:01,360
2022-12-07 14:50:03,89
2022-12-07 14:50:04,72
2022-12-07 14:50:06,96
2022-12-07 14:50:07,71
2022-12-07 14:50:09,3
2022-12-07 14:50:11,132
2022-12-07 14:50:11,143
2022-12-07 14:50:13,-324
2022-12-07 14:50:14,71
2022-12-07 14:50:15,63
2022-12-07 14:50:16,185
2022-12-07 14:50:18,303
2022-12-07 14:50:19,347
2022-12-07 14:50:21,349
2022-12-07 14:50:22,275
2022-12-07 14:50:24,280
2022-12-07 14:50:25,124
2022-12-07 14:50:26,-43
2022-12-07 14:50:27,386
2022-12-07 14:50:29,191
2022-12-07 14:50:30,206
2022-12-07 14:50:32,205
2022-12-07 14:50:33,182
2022-12-07 14:50:34,115
2022-12-07 14:50:35,150
2022-12-07 14:50:37,61
2022-12-07 14:50:39,71
2022-12-07 14:50:40,27
2022-12-07 14:50:41,97
2022-12-07 14:50:42,85
2022-12-07 14:50:43,76
2022-12-07 14:50:44,99
2022-12-07 14:50:45,91
2022-12-07 14:50:47,107
2022-12-07 14:50:48,88
2022-12-07 14:50:49,71
2022-12-07 14:50:51,-24
2022-12-07 14:50:53,-293
2022-12-07 14:50:54,-218
2022-12-07 14:50:56,-63
2022-12-07 14:50:56,-160
2022-12-07 14:50:58,27
2022-12-07 14:50:59,118
2022-12-07 14:51:00,193
2022-12-07 14:51:01,280
2022-12-07 14:51:02,153
2022-12-07 14:51:04,125
2022-12-07 14:51:05,271
2022-12-07 14:51:07,34
2022-12-07 14:51:08,-548
2022-12-07 14:51:09,-255
2022-12-07 14:51:11,-558
2022-12-07 14:51:12,-704
2022-12-07 14:51:13,-326
2022-12-07 14:51:15,-724
2022-12-07 14:51:16,-717
2022-12-07 14:51:18,-695
2022-12-07 14:51:19,17
2022-12-07 14:51:21,120
2022-12-07 14:51:22,-224
2022-12-07 14:51:24,-275
2022-12-07 14:51:25,-233
2022-12-07 14:51:26,36
2022-12-07 14:51:28,4
2022-12-07 14:51:29,18
2022-12-07 14:51:31,3
2022-12-07 14:51:32,-628
2022-12-07 14:51:33,-753
2022-12-07 14:51:34,-55
2022-12-07 14:51:36,-301
2022-12-07 14:51:37,-138
2022-12-07 14:51:39,26
2022-12-07 14:51:40,298
2022-12-07 14:51:41,217
2022-12-07 14:51:42,308
2022-12-07 14:51:43,406
2022-12-07 14:51:45,591
2022-12-07 14:51:47,-71
2022-12-07 14:51:48,312
2022-12-07 14:51:50,391
2022-12-07 14:51:52,189
2022-12-07 14:51:53,-471
2022-12-07 14:51:54,-112
2022-12-07 14:51:55,-337
2022-12-07 14:51:56,-203
2022-12-07 14:51:58,308
2022-12-07 14:51:59,-628
2022-12-07 14:52:00,-670
2022-12-07 14:52:02,371
2022-12-07 14:52:03,353
2022-12-07 14:52:04,328
2022-12-07 14:52:05,505
2022-12-07 14:52:06,-221
2022-12-07 14:52:07,-181
2022-12-07 14:52:08,423
2022-12-07 14:52:09,-626
2022-12-07 14:52:11,-666
2022-12-07 14:52:13,-478
2022-12-07 14:52:14,348
2022-12-07 14:52:22,-336
2022-12-07 14:52:24,230
2022-12-07 14:52:25,18
2022-12-07 14:52:26,11
2022-12-07 14:52:27,-22
2022-12-07 14:52:28,-25
2022-12-07 14:52:30,-49
2022-12-07 14:52:30,-47
2022-12-07 14:52:33,-81
2022-12-07 14:52:33,-58
2022-12-07 14:52:35,-18
2022-12-07 14:52:36,243
2022-12-07 14:52:37,329
2022-12-07 14:52:38,181
2022-12-07 14:52:39,188
2022-12-07 14:52:40,229
2022-12-07 14:52:41,190
2022-12-07 14:52:43,163
2022-12-07 14:52:45,104
2022-12-07 14:52:46,65
2022-12-07 14:52:47,30
2022-12-07 14:52:48,60
2022-12-07 14:52:49,-29
2022-12-07 14:52:50,11
2022-12-07 14:52:52,-42
2022-12-07 14:52:53,99
2022-12-07 14:52:54,187
2022-12-07 14:52:55,291
2022-12-07 14:52:57,187
2022-12-07 14:52:58,216
2022-12-07 14:52:59,87
2022-12-07 14:53:01,56
2022-12-07 14:53:01,411
2022-12-07 14:53:03,-278
2022-12-07 14:53:05,-321
2022-12-07 14:53:06,-104
2022-12-07 14:53:07,-299
2022-12-07 14:53:09,33
2022-12-07 14:53:10,151
2022-12-07 14:53:12,-116
2022-12-07 14:53:14,-186
2022-12-07 14:53:15,-174
2022-12-07 14:53:16,-119
2022-12-07 14:53:18,-132
2022-12-07 14:53:19,-118
2022-12-07 14:53:20,80
2022-12-07 14:53:21,-170
2022-12-07 14:53:23,-76
2022-12-07 14:54:30,-222
2022-12-07 14:54:31,373
2022-12-07 14:54:32,-446
2022-12-07 14:54:34,-421
2022-12-07 14:54:34,-205
2022-12-07 14:54:35,29
2022-12-07 14:54:36,-23
2022-12-07 14:54:37,63
2022-12-07 14:54:38,25
2022-12-07 14:54:41,-42
2022-12-07 14:54:42,137
2022-12-07 14:54:43,365
2022-12-07 14:54:44,-130
2022-12-07 14:54:45,143
2022-12-07 14:54:47,124
2022-12-07 14:54:48,183
2022-12-07 14:54:49,108
2022-12-07 14:54:50,145
2022-12-07 14:54:52,32
2022-12-07 14:54:53,192
2022-12-07 14:54:55,524
2022-12-07 14:54:56,531
2022-12-07 14:54:57,650
2022-12-07 14:54:58,553
2022-12-07 14:55:00,-83
2022-12-07 14:55:03,274
2022-12-07 14:55:04,575
2022-12-07 14:55:05,-14
2022-12-07 14:55:06,579
2022-12-07 14:55:07,459
2022-12-07 14:55:08,369
2022-12-07 14:55:10,399
2022-12-07 14:55:11,371
2022-12-07 14:55:13,293
2022-12-07 14:55:14,250
2022-12-07 14:55:16,-155
2022-12-07 14:55:17,60
2022-12-07 14:55:19,106
2022-12-07 14:55:20,-98
2022-12-07 14:55:21,78
2022-12-07 14:55:22,42
2022-12-07 14:55:24,59
2022-12-07 14:55:24,89
2022-12-07 14:55:27,52
2022-12-07 14:55:28,72
2022-12-07 14:55:30,121
2022-12-07 14:55:31,161
2022-12-07 14:55:32,273
2022-12-07 14:55:34,297
2022-12-07 14:55:35,304
2022-12-07 14:55:36,-144
2022-12-07 14:55:37,225
2022-12-07 14:55:38,268
2022-12-07 14:55:40,272
2022-12-07 14:55:41,208
2022-12-07 14:55:42,-289
2022-12-07 14:55:43,-503
2022-12-07 14:55:44,-596
2022-12-07 14:55:45,610
2022-12-07 14:55:46,669
2022-12-07 14:55:50,644
2022-12-07 14:55:51,657
2022-12-07 14:55:52,675
2022-12-07 14:55:52,664
2022-12-07 14:55:54,622
2022-12-07 14:55:56,608
2022-12-07 14:55:57,610
2022-12-07 14:55:58,610
2022-12-07 14:56:01,642
2022-12-07 14:56:02,619
2022-12-07 14:56:04,642
2022-12-07 14:56:05,618
2022-12-07 14:56:06,625
2022-12-07 14:56:08,631
2022-12-07 14:56:10,647
2022-12-07 14:56:12,619
2022-12-07 14:56:13,596
2022-12-07 14:56:14,630
2022-12-07 14:56:15,642
2022-12-07 14:56:17,660
2022-12-07 14:56:18,610
2022-12-07 14:56:19,675
2022-12-07 14:56:20,688
2022-12-07 14:56:22,706
2022-12-07 14:56:23,684
2022-12-07 14:56:24,629
2022-12-07 14:56:26,667
2022-12-07 14:56:27,652
2022-12-07 14:56:28,-502
2022-12-07 14:56:29,644
2022-12-07 14:56:30,634
2022-12-07 14:56:32,646
2022-12-07 14:56:34,649
2022-12-07 14:56:35,646
2022-12-07 14:56:37,644
2022-12-07 14:56:38,651
2022-12-07 14:56:39,628
2022-12-07 14:56:41,635
2022-12-07 14:56:42,652
2022-12-07 14:56:43,640
2022-12-07 14:56:45,633
2022-12-07 14:56:46,661
2022-12-07 14:56:48,660
2022-12-07 14:56:49,611
2022-12-07 14:56:50,-357
2022-12-07 14:56:51,132
2022-12-07 14:56:52,-164
2022-12-07 14:56:53,-2
2022-12-07 14:56:54,626
2022-12-07 14:56:56,639
2022-12-07 14:56:57,643
2022-12-07 14:56:59,643
2022-12-07 14:57:00,626
2022-12-07 14:57:02,645
2022-12-07 14:57:02,645
2022-12-07 14:57:04,629
2022-12-07 14:57:05,629
2022-12-07 14:57:07,643
2022-12-07 14:57:08,633
2022-12-07 14:57:09,660
2022-12-07 14:57:10,649
2022-12-07 14:57:11,641
2022-12-07 14:57:13,639
2022-12-07 14:57:14,640
2022-12-07 14:57:15,647
2022-12-07 14:57:17,632
2022-12-07 14:57:19,645
2022-12-07 14:57:21,615
2022-12-07 14:57:22,625
2022-12-07 14:57:23,657
2022-12-07 14:57:25,646
2022-12-07 14:57:26,609
2022-12-07 14:57:27,645
2022-12-07 14:57:28,637
2022-12-07 14:57:29,647
2022-12-07 14:57:31,643
2022-12-07 14:57:32,634
2022-12-07 14:57:33,648
2022-12-07 14:57:35,641
2022-12-07 14:57:37,625
2022-12-07 14:57:38,700
2022-12-07 14:57:39,587
2022-12-07 14:57:40,618
2022-12-07 14:57:42,606
2022-12-07 14:57:43,619
2022-12-07 14:57:44,574
2022-12-07 14:57:45,465
2022-12-07 14:57:47,183
2022-12-07 14:57:48,497
2022-12-07 14:57:49,619
2022-12-07 14:57:51,642
2022-12-07 14:57:53,650
2022-12-07 14:57:54,615
2022-12-07 14:57:55,632
2022-12-07 14:57:56,624
2022-12-07 14:57:57,628
2022-12-07 14:57:58,521
2022-12-07 14:57:59,727
2022-12-07 14:58:00,710
2022-12-07 14:58:01,675
2022-12-07 14:58:02,690
2022-12-07 14:58:04,700
2022-12-07 14:58:05,669
2022-12-07 14:58:06,623
2022-12-07 14:58:08,644
2022-12-07 14:58:09,640
2022-12-07 14:58:10,642
2022-12-07 14:58:12,474
2022-12-07 14:58:13,-68
2022-12-07 14:58:14,609
2022-12-07 14:58:16,613
2022-12-07 14:58:17,609
2022-12-07 14:58:19,631
2022-12-07 14:58:20,649
2022-12-07 14:58:21,624
2022-12-07 14:58:23,619
2022-12-07 14:58:24,644
2022-12-07 14:58:26,638
2022-12-07 14:58:27,619
2022-12-07 14:58:29,645
2022-12-07 14:58:31,636
2022-12-07 14:58:31,642
2022-12-07 14:58:33,623
2022-12-07 14:58:34,643
2022-12-07 14:58:35,634
2022-12-07 14:58:36,635
2022-12-07 14:58:38,616
2022-12-07 14:58:39,652
2022-12-07 14:58:40,633
2022-12-07 14:58:42,624
2022-12-07 14:58:44,644
2022-12-07 14:58:45,628
2022-12-07 14:58:46,615
2022-12-07 14:58:48,650
2022-12-07 14:58:49,652
2022-12-07 14:58:50,659
2022-12-07 14:58:52,643
2022-12-07 14:58:52,587
2022-12-07 14:58:54,647
2022-12-07 14:58:56,638
2022-12-07 14:58:56,632
2022-12-07 14:58:58,674
2022-12-07 14:58:59,565
2022-12-07 14:59:00,638
2022-12-07 14:59:02,657
2022-12-07 14:59:03,565
2022-12-07 14:59:04,592
2022-12-07 14:59:05,682
2022-12-07 14:59:07,664
2022-12-07 14:59:08,667
2022-12-07 14:59:09,672
2022-12-07 14:59:11,619
2022-12-07 14:59:13,625
2022-12-07 14:59:14,624
2022-12-07 14:59:15,641
2022-12-07 14:59:17,655
2022-12-07 14:59:18,619
2022-12-07 14:59:19,657
2022-12-07 14:59:20,622
2022-12-07 14:59:22,614
2022-12-07 14:59:23,611
2022-12-07 14:59:24,624
2022-12-07 14:59:25,634
2022-12-07 14:59:26,666
2022-12-07 14:59:28,641
2022-12-07 14:59:29,640
2022-12-07 14:59:30,615
2022-12-07 14:59:31,536
2022-12-07 14:59:33,568
2022-12-07 14:59:34,639
2022-12-07 14:59:35,690
2022-12-07 14:59:36,682
2022-12-07 14:59:37,663
2022-12-07 14:59:38,665
2022-12-07 14:59:40,709
2022-12-07 14:59:42,692
2022-12-07 14:59:43,672
2022-12-07 14:59:45,670
2022-12-07 14:59:46,678
2022-12-07 14:59:47,674
2022-12-07 14:59:49,670
2022-12-07 14:59:49,645
2022-12-07 14:59:50,681
2022-12-07 14:59:51,420
2022-12-07 14:59:52,662
2022-12-07 14:59:54,642
2022-12-07 14:59:55,683
2022-12-07 14:59:56,662
2022-12-07 14:59:57,665
2022-12-07 14:59:59,666
2022-12-07 15:00:00,632
2022-12-07 15:00:01,663
2022-12-07 15:00:03,665
2022-12-07 15:00:04,655
2022-12-07 15:00:05,660
2022-12-07 15:00:07,655
2022-12-07 15:00:08,665
2022-12-07 15:00:09,593
2022-12-07 15:00:11,620
2022-12-07 15:00:12,585
2022-12-07 15:00:14,527
2022-12-07 15:00:15,585
2022-12-07 15:00:16,618
2022-12-07 15:00:17,623
2022-12-07 15:00:19,627
2022-12-07 15:00:20,599
2022-12-07 15:00:22,620
2022-12-07 15:00:23,643
2022-12-07 15:00:25,638
2022-12-07 15:00:27,626
2022-12-07 15:00:28,638
2022-12-07 15:00:29,635
2022-12-07 15:00:30,593
2022-12-07 15:00:31,622
2022-12-07 15:00:33,611
2022-12-07 15:00:34,614
2022-12-07 15:00:35,662
2022-12-07 15:00:36,694
2022-12-07 15:00:37,569
2022-12-07 15:00:40,621
2022-12-07 15:00:41,529
2022-12-07 15:00:42,662
2022-12-07 15:00:43,640
2022-12-07 15:00:45,682
2022-12-07 15:00:46,670
2022-12-07 15:00:47,628
2022-12-07 15:00:48,716
2022-12-07 15:00:49,664
2022-12-07 15:00:50,525
2022-12-07 15:00:52,560
2022-12-07 15:00:53,544
2022-12-07 15:00:55,551
2022-12-07 15:00:56,521
2022-12-07 15:00:57,483
2022-12-07 15:01:00,590
2022-12-07 15:01:00,627
2022-12-07 15:01:02,618
2022-12-07 15:01:03,594
2022-12-07 15:01:04,607
2022-12-07 15:01:06,600
2022-12-07 15:01:07,584
2022-12-07 15:01:08,567
2022-12-07 15:01:09,645
2022-12-07 15:01:11,652
2022-12-07 15:01:12,654
2022-12-07 15:01:14,672
2022-12-07 15:01:16,636
2022-12-07 15:01:17,658
2022-12-07 15:01:18,578
2022-12-07 15:01:20,438
2022-12-07 15:01:21,451
2022-12-07 15:01:22,622
2022-12-07 15:01:24,639
2022-12-07 15:01:25,657
2022-12-07 15:01:26,694
2022-12-07 15:01:27,672
2022-12-07 15:01:28,664
2022-12-07 15:01:30,664
2022-12-07 15:01:31,671
2022-12-07 15:01:32,678
2022-12-07 15:01:33,680
2022-12-07 15:01:34,664
2022-12-07 15:01:36,662
2022-12-07 15:01:37,623
2022-12-07 15:01:38,607
2022-12-07 15:01:40,670
2022-12-07 15:01:41,654
2022-12-07 15:01:43,655
2022-12-07 15:01:44,641
2022-12-07 15:01:47,623
2022-12-07 15:01:49,632
2022-12-07 15:01:50,629
2022-12-07 15:01:51,623
2022-12-07 15:01:52,625
2022-12-07 15:01:53,640
2022-12-07 15:01:54,604
2022-12-07 15:01:56,626
2022-12-07 15:01:58,614
2022-12-07 15:01:59,605
2022-12-07 15:01:59,616
2022-12-07 15:02:00,618
2022-12-07 15:02:02,606
2022-12-07 15:02:04,588
2022-12-07 15:02:06,606
2022-12-07 15:02:07,618
2022-12-07 15:02:08,781
2022-12-07 15:02:09,759
2022-12-07 15:02:10,814
2022-12-07 15:02:11,775
2022-12-07 15:02:12,630
2022-12-07 15:02:14,671
2022-12-07 15:02:16,688
2022-12-07 15:02:18,609
2022-12-07 15:02:19,614
2022-12-07 15:02:20,662
2022-12-07 15:02:21,703
2022-12-07 15:02:23,629
2022-12-07 15:02:24,682
2022-12-07 15:02:26,742
2022-12-07 15:02:26,643
2022-12-07 15:02:27,711
2022-12-07 15:02:30,699
2022-12-07 15:02:31,666
2022-12-07 15:02:32,635
2022-12-07 15:02:34,632
2022-12-07 15:02:36,669
2022-12-07 15:02:38,749
2022-12-07 15:02:39,712
2022-12-07 15:02:41,695
2022-12-07 15:02:42,694
2022-12-07 15:02:44,740
2022-12-07 15:02:45,699
2022-12-07 15:02:46,685
2022-12-07 15:02:48,665
2022-12-07 15:02:50,642
2022-12-07 15:02:50,642
2022-12-07 15:02:52,707
2022-12-07 15:02:54,686
2022-12-07 15:02:55,770
2022-12-07 15:02:56,792
2022-12-07 15:02:57,741
2022-12-07 15:02:58,702
2022-12-07 15:03:00,726
2022-12-07 15:03:01,671
2022-12-07 15:03:01,386
2022-12-07 15:03:03,363
2022-12-07 15:03:04,294
2022-12-07 15:03:06,725
2022-12-07 15:03:09,758
2022-12-07 15:03:10,736
2022-12-07 15:03:12,667
2022-12-07 15:03:13,688
2022-12-07 15:03:15,668
2022-12-07 15:03:16,567
2022-12-07 15:03:18,672
2022-12-07 15:03:20,622
2022-12-07 15:03:21,700
2022-12-07 15:03:23,701
2022-12-07 15:03:25,648
2022-12-07 15:03:27,674
2022-12-07 15:03:28,661
2022-12-07 15:03:29,703
2022-12-07 15:03:30,691
2022-12-07 15:03:31,684
2022-12-07 15:03:32,723
2022-12-07 15:03:34,709
2022-12-07 15:03:35,722
2022-12-07 15:03:36,733
2022-12-07 15:03:37,623
2022-12-07 15:03:39,734
2022-12-07 15:03:40,748
2022-12-07 15:03:42,735
2022-12-07 15:03:43,731
2022-12-07 15:03:44,731
2022-12-07 15:03:45,848
2022-12-07 15:03:47,768
2022-12-07 15:03:48,801
2022-12-07 15:03:50,785
2022-12-07 15:03:51,756
2022-12-07 15:03:52,792
2022-12-07 15:03:53,791
2022-12-07 15:03:55,791
2022-12-07 15:03:56,788
2022-12-07 15:03:57,795
2022-12-07 15:03:58,794
2022-12-07 15:03:59,788
2022-12-07 15:04:02,778
2022-12-07 15:04:03,787
2022-12-07 15:04:05,791
2022-12-07 15:04:06,775
2022-12-07 15:04:07,788
2022-12-07 15:04:08,770
2022-12-07 15:04:10,773
2022-12-07 15:04:11,747
2022-12-07 15:04:12,777
2022-12-07 15:04:13,749
2022-12-07 15:04:15,752
2022-12-07 15:04:16,759
2022-12-07 15:04:18,703
2022-12-07 15:04:19,680
2022-12-07 15:04:21,670
2022-12-07 15:04:23,708
2022-12-07 15:04:24,786
2022-12-07 15:04:26,862
2022-12-07 15:04:27,796
2022-12-07 15:04:30,574
2022-12-07 15:04:31,360
2022-12-07 15:04:32,398
2022-12-07 15:04:33,598
2022-12-07 15:04:35,401
2022-12-07 15:04:37,541
2022-12-07 15:04:39,252
2022-12-07 15:04:39,428
2022-12-07 15:04:41,525
2022-12-07 15:04:42,529
2022-12-07 15:04:43,539
2022-12-07 15:04:45,591
2022-12-07 15:04:46,610
2022-12-07 15:04:48,652
2022-12-07 15:04:49,661
2022-12-07 15:04:50,664
2022-12-07 15:04:52,729
2022-12-07 15:04:53,701
2022-12-07 15:04:54,663
2022-12-07 15:04:55,693
2022-12-07 15:04:56,684
2022-12-07 15:04:58,702
2022-12-07 15:04:59,699
2022-12-07 15:05:00,566
2022-12-07 15:05:01,532
2022-12-07 15:05:03,496
2022-12-07 15:05:04,481
2022-12-07 15:05:05,474
2022-12-07 15:05:06,581
2022-12-07 15:05:07,576
2022-12-07 15:05:09,484
2022-12-07 15:05:10,322
2022-12-07 15:05:11,264
2022-12-07 15:05:13,391
2022-12-07 15:05:14,462
2022-12-07 15:05:16,451
2022-12-07 15:05:17,539
2022-12-07 15:05:19,523
2022-12-07 15:05:20,507
2022-12-07 15:05:21,471
2022-12-07 15:05:22,518
2022-12-07 15:05:24,350
2022-12-07 15:05:24,606
2022-12-07 15:05:25,812
2022-12-07 15:05:27,669
2022-12-07 15:05:29,692
2022-12-07 15:05:30,685
2022-12-07 15:05:32,612
2022-12-07 15:05:33,376
2022-12-07 15:05:34,458
2022-12-07 15:05:37,361
2022-12-07 15:05:40,508
2022-12-07 15:05:41,204
2022-12-07 15:05:42,-139
2022-12-07 15:05:44,-125
2022-12-07 15:05:46,-80
2022-12-07 15:05:47,-84
2022-12-07 15:05:48,33
2022-12-07 15:05:49,22
2022-12-07 15:05:50,-20
2022-12-07 15:05:52,-10
2022-12-07 15:05:54,5
2022-12-07 15:05:54,-25
2022-12-07 15:05:55,-14
2022-12-07 15:05:57,-3
2022-12-07 15:05:58,-12
2022-12-07 15:05:59,1
2022-12-07 15:06:01,-12
2022-12-07 15:06:02,21
2022-12-07 15:06:03,16
2022-12-07 15:06:04,50
2022-12-07 15:06:05,99
2022-12-07 15:06:07,75
2022-12-07 15:06:09,33
2022-12-07 15:06:10,50
2022-12-07 15:06:11,-253
2022-12-07 15:06:12,-168
2022-12-07 15:06:13,-157
2022-12-07 15:06:15,-28
2022-12-07 15:06:17,62
2022-12-07 15:06:18,-20
2022-12-07 15:06:19,-68
2022-12-07 15:06:20,-113
2022-12-07 15:06:21,-82
2022-12-07 15:06:22,-86
2022-12-07 15:06:24,-133
2022-12-07 15:06:24,-89
2022-12-07 15:06:26,-29
2022-12-07 15:06:27,-61
2022-12-07 15:06:30,-29
2022-12-07 15:06:31,20
2022-12-07 15:06:31,34
2022-12-07 15:06:32,9
2022-12-07 15:06:34,-27
2022-12-07 15:06:36,26
2022-12-07 15:06:37,-88
2022-12-07 15:06:38,-89
2022-12-07 15:06:39,-196
2022-12-07 15:06:41,-224
2022-12-07 15:06:42,-107
2022-12-07 15:06:43,82
2022-12-07 15:06:44,85
2022-12-07 15:06:46,86
2022-12-07 15:06:47,35
2022-12-07 15:06:48,73
2022-12-07 15:06:49,118
2022-12-07 15:06:51,144
2022-12-07 15:06:52,208
2022-12-07 15:06:53,163
2022-12-07 15:06:54,174
2022-12-07 15:06:56,142
2022-12-07 15:06:57,159
2022-12-07 15:06:58,158
2022-12-07 15:07:00,112
2022-12-07 15:07:01,142
2022-12-07 15:07:02,109
2022-12-07 15:07:03,106
2022-12-07 15:07:04,-27
2022-12-07 15:07:06,-16
2022-12-07 15:07:08,30
2022-12-07 15:07:09,33
2022-12-07 15:07:10,-12
2022-12-07 15:07:11,15
2022-12-07 15:07:13,-6
2022-12-07 15:07:14,11
2022-12-07 15:07:15,-15
2022-12-07 15:07:16,13
2022-12-07 15:07:17,16
2022-12-07 15:07:18,17
2022-12-07 15:07:20,3
2022-12-07 15:07:21,-195
2022-12-07 15:07:23,-138
2022-12-07 15:07:24,-133
2022-12-07 15:07:25,16
2022-12-07 15:07:27,913
2022-12-07 15:07:28,775
2022-12-07 15:07:29,35
2022-12-07 15:07:30,31
2022-12-07 15:07:32,72
2022-12-07 15:07:33,118
2022-12-07 15:07:35,133
2022-12-07 15:07:35,91
2022-12-07 15:07:36,127
2022-12-07 15:07:38,163
2022-12-07 15:07:39,207
2022-12-07 15:07:41,228
2022-12-07 15:07:42,279
2022-12-07 15:07:44,170
2022-12-07 15:07:45,128
2022-12-07 15:07:46,112
2022-12-07 15:07:48,26
2022-12-07 15:07:49,78
2022-12-07 15:07:51,20
2022-12-07 15:07:52,28
2022-12-07 15:07:54,13
2022-12-07 15:07:55,-50
2022-12-07 15:07:57,-32
2022-12-07 15:07:58,-29
2022-12-07 15:07:58,-77
2022-12-07 15:08:01,-70
2022-12-07 15:08:02,-48
2022-12-07 15:08:03,-41
2022-12-07 15:08:05,-54
2022-12-07 15:08:06,-99
2022-12-07 15:08:07,-84
2022-12-07 15:08:08,-87
2022-12-07 15:08:10,-153
2022-12-07 15:08:11,-88
2022-12-07 15:08:13,-92
2022-12-07 15:08:14,-83
2022-12-07 15:08:15,-92
2022-12-07 15:08:17,-60
2022-12-07 15:08:19,90
2022-12-07 15:08:20,61
2022-12-07 15:08:21,80
2022-12-07 15:08:22,35
2022-12-07 15:08:23,85
2022-12-07 15:08:24,87
2022-12-07 15:08:27,26
2022-12-07 15:08:29,22
2022-12-07 15:08:30,66
2022-12-07 15:08:31,91
2022-12-07 15:08:32,78
2022-12-07 15:08:33,78
2022-12-07 15:08:35,96
2022-12-07 15:08:36,32
2022-12-07 15:08:37,28
2022-12-07 15:08:38,81
2022-12-07 15:08:40,91
2022-12-07 15:08:41,113
2022-12-07 15:08:43,74
2022-12-07 15:08:44,91
2022-12-07 15:08:45,107
2022-12-07 15:08:46,62
2022-12-07 15:08:50,114
2022-12-07 15:08:52,42
2022-12-07 15:08:53,27
2022-12-07 15:08:54,14
2022-12-07 15:08:55,-1
2022-12-07 15:08:56,40
2022-12-07 15:08:58,35
2022-12-07 15:08:59,79
2022-12-07 15:09:00,61
2022-12-07 15:09:01,25
2022-12-07 15:09:03,7
2022-12-07 15:09:03,41
2022-12-07 15:09:05,28
2022-12-07 15:09:06,77
2022-12-07 15:09:08,140
2022-12-07 15:09:09,155
2022-12-07 15:09:11,83
2022-12-07 15:09:12,127
2022-12-07 15:09:13,103
2022-12-07 15:09:15,99
2022-12-07 15:09:16,99
2022-12-07 15:09:18,70
2022-12-07 15:09:19,121
2022-12-07 15:09:20,83
2022-12-07 15:09:21,64
2022-12-07 15:09:23,92
2022-12-07 15:09:24,100
2022-12-07 15:09:25,114
2022-12-07 15:09:26,75
2022-12-07 15:09:28,66
2022-12-07 15:09:29,88
2022-12-07 15:09:30,76
2022-12-07 15:09:31,89
2022-12-07 15:09:32,52
2022-12-07 15:09:33,85
2022-12-07 15:09:35,90
2022-12-07 15:09:36,66
2022-12-07 15:09:37,74
2022-12-07 15:09:39,32
2022-12-07 15:09:40,85
2022-12-07 15:09:41,49
2022-12-07 15:09:43,98
2022-12-07 15:09:44,54
2022-12-07 15:09:46,72
2022-12-07 15:09:48,168
2022-12-07 15:09:49,78
2022-12-07 15:09:50,225
2022-12-07 15:09:52,227
2022-12-07 15:09:53,74
2022-12-07 15:09:54,50
2022-12-07 15:09:55,131
2022-12-07 15:09:56,75
2022-12-07 15:09:57,138
2022-12-07 15:09:59,143
2022-12-07 15:09:59,108
2022-12-07 15:10:01,93
2022-12-07 15:10:02,199
2022-12-07 15:10:04,152
2022-12-07 15:10:06,156
2022-12-07 15:10:07,127
2022-12-07 15:10:08,93
2022-12-07 15:10:10,122
2022-12-07 15:10:11,113
2022-12-07 15:10:12,60
2022-12-07 15:10:13,113
2022-12-07 15:10:14,86
2022-12-07 15:10:16,74
2022-12-07 15:10:18,92
2022-12-07 15:10:18,80
2022-12-07 15:10:19,51
2022-12-07 15:10:21,-28
2022-12-07 15:10:22,-192
2022-12-07 15:10:24,-209
2022-12-07 15:10:25,-71
2022-12-07 15:10:26,49
2022-12-07 15:10:27,336
2022-12-07 15:10:28,56
2022-12-07 15:10:30,64
2022-12-07 15:10:31,63
2022-12-07 15:10:32,57
2022-12-07 15:10:33,19
2022-12-07 15:10:36,-62
2022-12-07 15:10:38,48
2022-12-07 15:10:39,145
2022-12-07 15:10:41,118
2022-12-07 15:10:43,234
2022-12-07 15:10:44,115
2022-12-07 15:10:45,165
2022-12-07 15:10:48,-67
2022-12-07 15:10:49,-52
2022-12-07 15:10:50,-34
2022-12-07 15:10:52,-59
2022-12-07 15:10:54,-97
2022-12-07 15:10:56,-37
2022-12-07 15:10:57,-49
2022-12-07 15:10:58,-54
2022-12-07 15:10:59,-42
2022-12-07 15:11:02,-40
2022-12-07 15:11:03,57
2022-12-07 15:11:04,31
2022-12-07 15:11:05,4
2022-12-07 15:11:07,21
2022-12-07 15:11:08,-8
2022-12-07 15:11:10,32
2022-12-07 15:11:12,27
2022-12-07 15:11:13,-12
2022-12-07 15:11:14,58
2022-12-07 15:11:16,81
2022-12-07 15:11:17,-3
2022-12-07 15:11:18,75
2022-12-07 15:11:20,-90
2022-12-07 15:11:21,1
2022-12-07 15:11:22,150
2022-12-07 15:11:24,258
2022-12-07 15:11:25,-279
2022-12-07 15:11:27,-59
2022-12-07 15:11:28,-63
2022-12-07 15:11:30,-48
2022-12-07 15:11:31,-16
2022-12-07 15:11:32,5
2022-12-07 15:11:34,20
2022-12-07 15:11:35,60
2022-12-07 15:11:37,101
2022-12-07 15:11:38,73
2022-12-07 15:11:39,-101
2022-12-07 15:11:40,-145
2022-12-07 15:11:42,85
2022-12-07 15:11:43,287
2022-12-07 15:11:44,243
2022-12-07 15:11:46,267
2022-12-07 15:11:47,287
2022-12-07 15:11:48,267
2022-12-07 15:11:50,255
2022-12-07 15:11:51,253
2022-12-07 15:11:53,349
2022-12-07 15:11:54,163
2022-12-07 15:11:55,206
2022-12-07 15:11:56,-205
2022-12-07 15:11:58,228
2022-12-07 15:11:59,-72
2022-12-07 15:12:01,-215
2022-12-07 15:12:03,132
2022-12-07 15:12:04,171
2022-12-07 15:12:05,265
2022-12-07 15:12:06,363
2022-12-07 15:12:08,416
2022-12-07 15:12:09,339
2022-12-07 15:12:10,234
2022-12-07 15:12:11,232
2022-12-07 15:12:12,454
2022-12-07 15:12:14,544
2022-12-07 15:12:16,449
2022-12-07 15:12:16,357
2022-12-07 15:12:18,266
2022-12-07 15:12:19,240
2022-12-07 15:12:20,262
2022-12-07 15:12:22,109
2022-12-07 15:12:23,210
2022-12-07 15:12:25,57
2022-12-07 15:12:26,725
2022-12-07 15:12:27,582
2022-12-07 15:12:29,485
2022-12-07 15:12:30,289
2022-12-07 15:12:32,9
2022-12-07 15:12:33,113
2022-12-07 15:12:35,109
2022-12-07 15:12:36,387
2022-12-07 15:12:37,477
2022-12-07 15:12:39,375
2022-12-07 15:12:40,10
2022-12-07 15:12:41,37
2022-12-07 15:12:42,-277
2022-12-07 15:12:43,-226
2022-12-07 15:12:46,-94
2022-12-07 15:12:48,-147
2022-12-07 15:12:50,17
2022-12-07 15:12:51,12
2022-12-07 15:12:52,27
2022-12-07 15:12:53,63
2022-12-07 15:12:54,58
2022-12-07 15:12:55,68
2022-12-07 15:12:56,131
2022-12-07 15:12:59,131
2022-12-07 15:13:00,138
2022-12-07 15:13:02,87
2022-12-07 15:13:03,-137
2022-12-07 15:13:04,140
2022-12-07 15:13:05,163
2022-12-07 15:13:07,60
2022-12-07 15:13:08,149
2022-12-07 15:13:09,-186
2022-12-07 15:13:10,-152
2022-12-07 15:13:12,-175
2022-12-07 15:13:14,560
2022-12-07 15:13:16,-244
2022-12-07 15:13:17,-265
2022-12-07 15:13:18,-207
2022-12-07 15:13:19,-130
2022-12-07 15:13:21,-129
2022-12-07 15:13:22,-193
2022-12-07 15:13:23,-220
2022-12-07 15:13:24,-232
2022-12-07 15:13:25,-245
2022-12-07 15:13:26,-305
2022-12-07 15:13:27,-259
2022-12-07 15:13:30,164
2022-12-07 15:13:31,177
2022-12-07 15:13:32,140
2022-12-07 15:13:34,471
2022-12-07 15:13:35,73
2022-12-07 15:13:36,423
2022-12-07 15:13:38,382
2022-12-07 15:13:39,483
2022-12-07 15:13:41,448
2022-12-07 15:13:42,477
2022-12-07 15:13:43,537
2022-12-07 15:13:45,426
2022-12-07 15:13:45,414
2022-12-07 15:13:47,423
2022-12-07 15:13:48,345
2022-12-07 15:13:49,-255
2022-12-07 15:13:51,370
2022-12-07 15:13:52,280
2022-12-07 15:13:53,163
2022-12-07 15:13:54,-413
2022-12-07 15:13:56,-157
2022-12-07 15:13:57,351
2022-12-07 15:13:58,-130
2022-12-07 15:14:00,558
2022-12-07 15:14:01,-627
2022-12-07 15:14:02,-703
2022-12-07 15:14:04,-672
2022-12-07 15:14:05,246
2022-12-07 15:14:06,-671
2022-12-07 15:14:07,-689
2022-12-07 15:14:09,-542
2022-12-07 15:14:11,42
2022-12-07 15:14:13,491
2022-12-07 15:14:14,398
2022-12-07 15:14:15,185
2022-12-07 15:14:15,70
2022-12-07 15:14:16,342
2022-12-07 15:14:19,-105
2022-12-07 15:14:20,356
2022-12-07 15:14:21,211
2022-12-07 15:14:22,-78
2022-12-07 15:14:23,19
2022-12-07 15:14:25,3
2022-12-07 15:14:27,124
2022-12-07 15:14:28,36
2022-12-07 15:14:29,12
2022-12-07 15:14:31,124
2022-12-07 15:14:33,-36
2022-12-07 15:14:35,142
2022-12-07 15:14:36,239
2022-12-07 15:14:37,239
2022-12-07 15:14:38,243
2022-12-07 15:14:40,223
2022-12-07 15:14:41,234
2022-12-07 15:14:42,245
2022-12-07 15:14:43,353
2022-12-07 15:14:45,432
2022-12-07 15:14:46,456
2022-12-07 15:14:48,330
2022-12-07 15:14:49,427
2022-12-07 15:14:50,-153
2022-12-07 15:14:52,-318
2022-12-07 15:14:53,323
2022-12-07 15:14:54,450
2022-12-07 15:14:56,-21
2022-12-07 15:14:57,-152
2022-12-07 15:14:58,-233
2022-12-07 15:14:59,-25
2022-12-07 15:15:01,-66
2022-12-07 15:15:02,499
2022-12-07 15:15:03,466
2022-12-07 15:15:06,361
2022-12-07 15:15:06,162
2022-12-07 15:15:08,418
2022-12-07 15:15:09,563
2022-12-07 15:15:11,75
2022-12-07 15:15:12,-59
2022-12-07 15:15:13,141
2022-12-07 15:15:14,296
2022-12-07 15:15:16,380
2022-12-07 17:35:05,317
2022-12-07 17:35:06,308
2022-12-07 17:35:08,248
2022-12-07 17:35:09,66
2022-12-07 17:35:10,-337
2022-12-07 17:35:11,-483
2022-12-07 17:35:12,-313
2022-12-07 17:35:13,-77
2022-12-07 17:35:16,339
2022-12-07 17:35:18,463
2022-12-07 17:35:19,-563
2022-12-07 17:35:20,-600
2022-12-07 17:35:22,453
2022-12-07 17:35:23,134
2022-12-07 17:35:25,271
2022-12-07 17:35:26,364
2022-12-07 17:35:27,343
2022-12-07 17:35:29,153
2022-12-07 17:35:31,404
2022-12-07 17:35:32,225
2022-12-07 17:35:34,79
2022-12-07 17:35:35,0
2022-12-07 17:35:36,-190
2022-12-07 17:35:39,-208
2022-12-07 17:35:40,-180
2022-12-07 17:35:41,-197
2022-12-07 17:35:43,279
2022-12-07 17:35:44,490
2022-12-07 17:35:46,602
2022-12-07 17:35:47,563
2022-12-07 17:35:49,529
2022-12-07 17:35:50,124
2022-12-07 17:35:52,391
2022-12-07 17:35:53,312
2022-12-07 17:35:54,270
2022-12-07 17:35:56,358
2022-12-07 17:35:57,459
2022-12-07 17:35:59,-84
2022-12-07 17:36:00,-657
2022-12-07 17:36:01,285
2022-12-07 17:36:03,327
2022-12-07 17:36:05,351
2022-12-07 17:36:06,308
2022-12-07 17:36:07,-150
2022-12-07 17:36:09,-57
2022-12-07 17:36:10,-242
2022-12-07 17:36:11,-489
2022-12-07 17:36:13,-343
2022-12-07 17:36:14,-336
2022-12-07 17:36:15,248
2022-12-07 17:36:17,445
2022-12-07 17:36:18,-6
2022-12-07 17:36:20,-412
2022-12-07 17:36:21,391
2022-12-07 17:36:22,423
2022-12-07 17:36:24,279
2022-12-07 17:36:25,32
2022-12-07 17:36:26,525
2022-12-07 17:36:27,298
2022-12-07 17:36:28,542
2022-12-07 17:36:29,484
2022-12-07 17:36:31,252
2022-12-07 17:36:33,-144
2022-12-07 17:36:33,132
2022-12-07 17:36:35,504
2022-12-07 17:36:36,180
2022-12-07 17:36:37,19
2022-12-07 17:36:38,-351
2022-12-07 17:36:40,-11
2022-12-07 17:36:41,43
2022-12-07 17:36:43,-177
2022-12-07 17:36:44,-493
2022-12-07 17:36:44,-240
2022-12-07 17:36:47,324
2022-12-07 17:36:48,-322
2022-12-07 17:36:50,-345
2022-12-07 17:36:52,-65
2022-12-07 17:36:53,16
2022-12-07 17:36:54,92
2022-12-07 17:36:55,-133
2022-12-07 17:36:57,-138
2022-12-07 17:36:57,273
2022-12-07 17:36:59,-135
2022-12-07 17:37:00,-659
2022-12-07 17:37:01,-125
2022-12-07 17:37:02,255
2022-12-07 17:37:03,349
2022-12-07 17:37:05,311
2022-12-07 17:37:07,-136
2022-12-07 17:37:08,425
2022-12-07 17:37:09,-476
2022-12-07 17:37:10,-84
2022-12-07 17:37:12,-42
2022-12-07 17:37:13,-108
2022-12-07 17:37:14,175
2022-12-07 17:37:15,296
2022-12-07 17:37:17,123
2022-12-07 17:37:18,-92
2022-12-07 17:37:19,-124
2022-12-07 17:37:20,-101
2022-12-07 17:37:22,-135
2022-12-07 17:37:23,-129
2022-12-07 17:37:26,-50
2022-12-07 17:37:27,23
2022-12-07 17:37:28,71
2022-12-07 17:37:29,-7
2022-12-07 17:37:30,-14
2022-12-07 17:37:31,-25
2022-12-07 17:37:33,-37
2022-12-07 17:37:33,-20
2022-12-07 17:37:35,-33
2022-12-07 17:37:36,-124
2022-12-07 17:37:37,-175
2022-12-07 17:37:39,-186
2022-12-07 17:37:41,-349
2022-12-07 17:37:42,-408
2022-12-07 17:37:44,-227
2022-12-07 17:37:45,220
2022-12-07 17:37:46,245
2022-12-07 17:37:47,210
2022-12-07 17:37:48,310
2022-12-07 17:37:49,237
2022-12-07 17:37:52,179
2022-12-07 17:37:54,-578
2022-12-07 17:37:55,400
2022-12-07 17:37:57,254
2022-12-07 17:37:58,212
2022-12-07 17:37:59,540
2022-12-07 17:38:00,139
2022-12-07 17:38:01,160
2022-12-07 17:38:02,388
2022-12-07 17:38:04,308
2022-12-07 17:38:05,275
2022-12-07 17:38:06,451
2022-12-07 17:38:07,432
2022-12-07 17:38:09,-194
2022-12-07 17:38:10,-373
2022-12-07 17:38:10,91
2022-12-07 17:38:12,76
2022-12-07 17:38:14,101
2022-12-07 17:38:16,-224
2022-12-07 17:38:17,-481
2022-12-07 17:38:18,-546
2022-12-07 17:38:19,-81
2022-12-07 17:38:20,28
2022-12-07 17:38:21,-118
2022-12-07 17:38:23,-72
2022-12-07 17:38:24,-91
2022-12-07 17:38:27,3
2022-12-07 17:38:28,-188
2022-12-07 17:38:29,-125
2022-12-07 17:38:30,-137
2022-12-07 17:38:31,-263
2022-12-07 17:38:33,-194
2022-12-07 17:38:34,-380
2022-12-07 17:38:35,-11
2022-12-07 17:38:37,-401
2022-12-07 17:38:38,-444
2022-12-07 17:38:39,-404
2022-12-07 17:38:40,-449
2022-12-07 17:38:42,-466
2022-12-07 17:38:43,-514
2022-12-07 17:38:45,-404
2022-12-07 17:38:46,-502
2022-12-07 17:38:48,-236
2022-12-07 17:38:49,-338
2022-12-07 17:38:50,-367
2022-12-07 17:38:51,-356
2022-12-07 17:38:52,-240
2022-12-07 17:38:54,-81
2022-12-07 17:38:55,-78
2022-12-07 17:38:56,-203
2022-12-07 17:38:57,-90
2022-12-07 17:39:00,-345
2022-12-07 17:39:02,-236
2022-12-07 17:39:03,-254
2022-12-07 17:39:05,-675
2022-12-07 17:39:06,371
2022-12-07 17:39:07,452
2022-12-07 17:39:08,250
2022-12-07 17:39:10,229
2022-12-07 17:39:11,-194
2022-12-07 17:39:12,-283
2022-12-07 17:39:13,121
2022-12-07 17:39:16,-327
2022-12-07 17:39:17,382
2022-12-07 17:39:19,442
2022-12-07 17:39:19,374
2022-12-07 17:39:21,315
2022-12-07 17:39:22,381
2022-12-07 17:39:24,420
2022-12-07 17:39:25,160
2022-12-07 17:39:26,276
2022-12-07 17:39:27,-227
2022-12-07 17:39:28,196
2022-12-07 17:39:29,-249
2022-12-07 17:39:31,-495
2022-12-07 17:39:33,-126
2022-12-07 17:39:35,142
2022-12-07 17:39:36,-78
2022-12-07 17:39:37,-95
2022-12-07 17:39:38,-472
2022-12-07 17:39:39,89
2022-12-07 17:39:41,-374
2022-12-07 17:39:42,-403
2022-12-07 17:39:43,-561
2022-12-07 17:39:44,-468
2022-12-07 17:39:46,-352
2022-12-07 17:39:47,-76
2022-12-07 17:39:48,518
2022-12-07 17:39:50,136
2022-12-07 17:39:51,-252
2022-12-07 17:39:51,-94
2022-12-07 17:39:53,-16
2022-12-07 17:39:54,-105
2022-12-07 17:39:55,35
2022-12-07 17:39:56,-125
2022-12-07 17:39:57,-313
2022-12-07 17:39:58,323
2022-12-07 17:39:59,423
2022-12-07 17:40:01,274
2022-12-07 17:40:02,124
2022-12-07 17:40:03,246
2022-12-07 17:40:05,257
2022-12-07 17:40:06,-461
2022-12-07 17:40:07,-139
2022-12-07 17:40:08,-203
2022-12-07 17:40:10,-362
2022-12-07 17:40:11,-134
2022-12-07 17:40:12,159
2022-12-07 17:40:13,128
2022-12-07 17:40:14,93
2022-12-07 17:40:15,57
2022-12-07 17:40:16,64
2022-12-07 17:40:17,14
2022-12-07 17:40:19,132
2022-12-07 17:40:20,-143
2022-12-07 17:40:21,167
2022-12-07 17:40:22,-27
2022-12-07 17:40:23,-285
2022-12-07 17:40:25,197
2022-12-07 17:40:26,225
2022-12-07 17:40:27,329
2022-12-07 17:40:28,218
2022-12-07 17:40:30,363
2022-12-07 17:40:31,566
2022-12-07 17:40:32,464
2022-12-07 17:40:34,396
2022-12-07 17:40:35,305
2022-12-07 17:40:36,235
2022-12-07 17:40:37,476
2022-12-07 17:40:38,570
2022-12-07 17:40:39,80
2022-12-07 17:40:41,98
2022-12-07 17:40:42,-254
2022-12-07 17:40:43,-264
2022-12-07 17:40:45,-16
2022-12-07 17:40:46,-10
2022-12-07 17:40:47,84
2022-12-07 17:40:49,-251
2022-12-07 17:40:50,-257
2022-12-07 17:40:51,-146
2022-12-07 17:40:52,-38
2022-12-07 17:40:54,-175
2022-12-07 17:40:55,-7
2022-12-07 17:40:56,70
2022-12-07 17:40:57,451
2022-12-07 17:40:58,385
2022-12-07 17:41:00,541
2022-12-07 17:41:02,544
2022-12-07 17:41:03,550
2022-12-07 17:41:04,524
2022-12-07 17:41:05,524
2022-12-07 17:41:06,502
2022-12-07 17:41:07,425
2022-12-07 17:41:09,429
2022-12-07 17:41:11,470
2022-12-07 17:41:12,469
2022-12-07 17:41:13,296
2022-12-07 17:41:14,-125
2022-12-07 17:41:16,-255
2022-12-07 17:41:17,396
2022-12-07 17:41:18,474
2022-12-07 17:41:20,342
2022-12-07 17:41:21,-420
2022-12-07 17:41:22,-273
2022-12-07 17:41:23,-535
2022-12-07 17:41:24,-528
2022-12-07 17:41:26,230
2022-12-07 17:41:27,-84
2022-12-07 17:41:29,29
2022-12-07 17:41:30,118
2022-12-07 17:41:31,140
2022-12-07 17:41:33,178
2022-12-07 17:41:33,156
2022-12-07 17:41:34,154
2022-12-07 17:41:36,86
2022-12-07 17:41:37,130
2022-12-07 17:41:39,6
2022-12-07 17:41:39,104
2022-12-07 17:41:40,208
2022-12-07 17:41:42,274
2022-12-07 17:41:43,250
2022-12-07 17:41:44,241
2022-12-07 17:41:46,194
2022-12-07 17:41:47,151
2022-12-07 17:41:48,13
2022-12-07 17:41:50,326
2022-12-07 17:41:51,267
2022-12-07 17:41:52,53
2022-12-07 17:41:53,68
2022-12-07 17:41:54,-63
2022-12-07 17:41:56,87
2022-12-07 17:41:57,481
2022-12-07 17:41:58,-52
2022-12-07 17:41:59,292
2022-12-07 17:42:01,50
2022-12-07 17:42:01,54
2022-12-07 17:42:02,-79
2022-12-07 17:42:03,-144
2022-12-07 17:42:05,-114
2022-12-07 17:42:06,-34
2022-12-07 17:42:08,2
2022-12-07 17:42:09,-47
2022-12-07 17:42:10,-65
2022-12-07 17:42:11,126
2022-12-07 17:42:14,-177
2022-12-07 17:42:14,-157
2022-12-07 17:42:15,-107
2022-12-07 17:42:17,-95
2022-12-07 17:42:18,-148
2022-12-07 17:42:20,-99
2022-12-07 17:42:21,129
2022-12-07 17:42:22,-15
2022-12-07 17:42:23,-66
2022-12-07 17:42:24,-65
2022-12-07 17:42:25,-130
2022-12-07 17:42:28,-240
2022-12-07 17:42:30,-144
2022-12-07 17:42:31,-172
2022-12-07 17:42:32,-154
2022-12-07 17:42:34,-170
2022-12-07 17:42:35,-159
2022-12-07 17:42:36,-184
2022-12-07 17:42:39,290
2022-12-07 17:42:40,116
2022-12-07 17:42:41,-244
2022-12-07 17:42:42,-205
2022-12-07 17:42:43,-119
2022-12-07 17:42:44,-123
2022-12-07 17:42:46,-109
2022-12-07 17:42:47,-241
2022-12-07 17:42:48,-58
2022-12-07 17:42:49,-236
2022-12-07 17:42:50,-210
2022-12-07 17:42:51,-191
2022-12-07 17:42:53,18
2022-12-07 17:42:55,-87
2022-12-07 17:42:56,-71
2022-12-07 17:42:57,-67
2022-12-07 17:42:58,-74
2022-12-07 17:42:59,-51
2022-12-07 17:43:01,-253
2022-12-07 17:43:02,-253
2022-12-07 17:43:03,-246
2022-12-07 17:43:05,92
2022-12-07 17:43:06,175
2022-12-07 17:43:07,138
2022-12-07 17:43:08,63
2022-12-07 17:43:09,-230
2022-12-07 17:43:12,-75
2022-12-07 17:43:13,-156
2022-12-07 17:43:13,-204
2022-12-07 17:43:15,-95
2022-12-07 17:43:16,69
2022-12-07 17:43:17,190
2022-12-07 17:43:18,138
2022-12-07 17:43:20,221
2022-12-07 17:43:21,376
2022-12-07 17:43:22,499
2022-12-07 17:43:23,406
2022-12-07 17:43:24,200
2022-12-07 17:43:27,546
2022-12-07 17:43:28,493
2022-12-07 17:43:30,297
2022-12-07 17:43:31,-216
2022-12-07 17:43:33,303
2022-12-07 17:43:35,587
2022-12-07 17:43:36,520
2022-12-07 17:43:37,117
2022-12-07 17:43:38,248
2022-12-07 17:43:39,429
2022-12-07 17:43:41,505
2022-12-07 17:43:42,534
2022-12-07 17:43:43,475
2022-12-07 17:43:44,417
2022-12-07 17:43:45,358
2022-12-07 17:43:47,-80
2022-12-07 17:43:49,-65
2022-12-07 17:43:51,115
2022-12-07 17:43:52,54
2022-12-07 17:43:53,175
2022-12-07 17:43:55,9
2022-12-07 17:43:56,71
2022-12-07 17:43:57,-18
2022-12-07 17:43:59,-142
2022-12-07 17:44:00,-334
2022-12-07 17:44:02,-215
2022-12-07 17:44:02,-199
2022-12-07 17:44:04,-228
2022-12-07 17:44:05,190
2022-12-07 17:44:06,-31
2022-12-07 17:44:07,-38
2022-12-07 17:44:09,146
2022-12-07 17:44:10,405
2022-12-07 17:44:11,117
2022-12-07 17:44:13,299
2022-12-07 17:44:14,346
2022-12-07 17:44:16,196
2022-12-07 17:44:17,-66
2022-12-07 17:44:18,101
2022-12-07 17:44:20,76
2022-12-07 17:44:21,257
2022-12-07 17:44:22,319
2022-12-07 17:44:23,318
2022-12-07 17:44:24,293
2022-12-07 17:44:25,230
2022-12-07 17:44:27,185
2022-12-07 17:44:29,-20
2022-12-07 17:44:30,70
2022-12-07 17:44:31,124
2022-12-07 17:44:32,222
2022-12-07 17:44:34,259
2022-12-07 17:44:36,384
2022-12-07 17:44:37,-179
2022-12-07 17:44:38,-283
2022-12-07 17:44:39,-334
2022-12-07 17:44:41,-249
2022-12-07 17:44:42,-74
2022-12-07 17:44:43,62
2022-12-07 17:44:44,404
2022-12-07 17:44:45,-39
2022-12-07 17:44:47,213
2022-12-07 17:44:48,117
2022-12-07 17:44:50,212
2022-12-07 17:44:51,126
2022-12-07 17:44:52,-117
2022-12-07 17:44:53,-210
2022-12-07 17:44:55,-156
2022-12-07 17:44:56,-145
2022-12-07 17:44:57,-351
2022-12-07 17:44:59,280
2022-12-07 17:45:00,337
2022-12-07 17:45:02,278
2022-12-07 17:45:02,-350
2022-12-07 17:45:04,-367
2022-12-07 17:45:05,18
2022-12-07 17:45:06,251
2022-12-07 17:45:08,-17
2022-12-07 17:45:08,346
2022-12-07 17:45:11,50
2022-12-07 17:45:12,234
2022-12-07 17:45:13,546
2022-12-07 17:45:15,232
2022-12-07 17:45:16,-368
2022-12-07 17:45:17,-348
2022-12-07 17:45:18,-218
2022-12-07 17:45:20,575
2022-12-07 17:45:21,362
2022-12-07 17:45:22,380
2022-12-07 17:45:23,444
2022-12-07 17:45:24,395
2022-12-07 17:45:25,173
2022-12-07 17:45:26,229
2022-12-07 17:45:29,273
2022-12-07 17:45:30,276
2022-12-07 17:45:31,297
2022-12-07 17:45:32,291
2022-12-07 17:45:34,309
2022-12-07 17:45:35,380
2022-12-07 17:45:36,338
2022-12-07 17:45:38,349
2022-12-07 17:45:38,304
2022-12-07 17:45:40,417
2022-12-07 17:45:41,-130
2022-12-07 17:45:42,-36
2022-12-07 17:45:43,-263
2022-12-07 17:45:45,-327
2022-12-07 17:45:47,-82
2022-12-07 17:45:48,1
2022-12-07 17:45:50,18
2022-12-07 17:45:52,401
2022-12-07 17:45:53,414
2022-12-07 17:45:54,308
2022-12-07 17:45:55,435
2022-12-07 17:45:56,348
2022-12-07 17:45:57,347
2022-12-07 17:45:59,306
2022-12-07 17:46:00,349
2022-12-07 17:46:01,450
2022-12-07 17:46:02,472
2022-12-07 17:46:05,120
2022-12-07 17:46:06,-63
2022-12-07 17:46:08,-118
2022-12-07 17:46:09,-90
2022-12-07 17:46:10,-19
2022-12-07 17:46:12,8
2022-12-07 17:46:14,317
2022-12-07 17:46:15,398
2022-12-07 17:46:16,307
2022-12-07 17:46:18,329
2022-12-07 17:46:19,353
2022-12-07 17:46:20,432
2022-12-07 17:46:21,294
2022-12-07 17:46:23,525
2022-12-07 17:46:24,-202
2022-12-07 17:46:25,-508
2022-12-07 17:46:26,-410
2022-12-07 17:46:27,-251
2022-12-07 17:46:29,-178
2022-12-07 17:46:30,-126
2022-12-07 17:46:32,-131
2022-12-07 17:46:33,-48
2022-12-07 17:46:34,-120
2022-12-07 17:46:35,-171
2022-12-07 17:46:36,-156
2022-12-07 17:46:37,-303
2022-12-07 17:46:38,-243
2022-12-07 17:46:41,-197
2022-12-07 17:46:42,510
2022-12-07 17:46:43,516
2022-12-07 17:46:45,483
2022-12-07 17:46:46,462
2022-12-07 17:46:47,415
2022-12-07 17:46:48,391
2022-12-07 17:46:49,387
2022-12-07 17:46:51,414
2022-12-07 17:46:52,403
2022-12-07 17:46:54,409
2022-12-07 17:46:55,420
2022-12-07 17:46:56,479
2022-12-07 17:46:58,381
2022-12-07 17:46:59,392
2022-12-07 17:47:00,383
2022-12-07 17:47:01,389
2022-12-07 17:47:02,376
2022-12-07 17:47:04,387
2022-12-07 17:47:04,407
2022-12-07 17:47:06,391
2022-12-07 17:47:08,364
2022-12-07 17:47:09,353
2022-12-07 17:47:10,354
2022-12-07 17:47:11,350
2022-12-07 17:47:12,296
2022-12-07 17:47:14,387
2022-12-07 17:47:15,370
2022-12-07 17:47:16,319
2022-12-07 17:47:17,294
2022-12-07 17:47:18,288
2022-12-07 17:47:20,297
2022-12-07 17:47:21,313
2022-12-07 17:47:23,338
2022-12-07 17:47:25,354
2022-12-07 17:47:25,356
2022-12-07 17:47:28,134
2022-12-07 17:47:30,189
2022-12-07 17:47:32,512
2022-12-07 17:47:33,523
2022-12-07 17:47:34,513
2022-12-07 17:47:35,436
2022-12-07 17:47:36,317
2022-12-07 17:47:37,483
2022-12-07 17:47:38,374
2022-12-07 17:47:40,517
2022-12-07 17:47:41,477
2022-12-07 17:47:42,513
2022-12-07 17:47:43,479
2022-12-07 17:47:45,495
2022-12-07 17:47:47,519
2022-12-07 17:47:48,509
2022-12-07 17:47:49,470
2022-12-07 17:47:50,486
2022-12-07 17:47:51,489
2022-12-07 17:47:52,430
2022-12-07 17:47:53,434
2022-12-07 17:47:55,46
2022-12-07 17:47:56,628
2022-12-07 17:47:57,515
2022-12-07 17:47:58,632
2022-12-07 17:47:59,472
2022-12-07 17:48:01,394
2022-12-07 17:48:02,414
2022-12-07 17:48:03,348
2022-12-07 17:48:04,377
2022-12-07 17:48:05,462
2022-12-07 17:48:08,188
2022-12-07 17:48:10,265
2022-12-07 17:48:11,250
2022-12-07 17:48:13,210
2022-12-07 17:48:14,99
2022-12-07 17:48:16,183
2022-12-07 17:48:17,120
2022-12-07 17:48:18,221
2022-12-07 17:48:19,228
2022-12-07 17:48:20,235
2022-12-07 17:48:22,230
2022-12-07 17:48:23,248
2022-12-07 17:48:25,278
2022-12-07 17:48:26,266
2022-12-07 17:48:27,283
2022-12-07 17:48:28,308
2022-12-07 17:48:30,294
2022-12-07 17:48:32,319
2022-12-07 17:48:33,-73
2022-12-07 17:48:34,189
2022-12-07 17:48:35,173
2022-12-07 17:48:36,183
2022-12-07 17:48:37,434
2022-12-07 17:48:39,513
2022-12-07 17:48:41,473
2022-12-07 17:48:41,486
2022-12-07 17:48:43,398
2022-12-07 17:48:44,422
2022-12-07 17:48:45,472
2022-12-07 17:48:46,470
2022-12-07 17:48:48,477
2022-12-07 17:48:49,453
2022-12-07 17:48:50,435
2022-12-07 17:48:51,208
2022-12-07 17:48:53,446
2022-12-07 17:48:54,383
2022-12-07 17:48:55,348
2022-12-07 17:48:56,301
2022-12-07 17:48:58,447
2022-12-07 17:48:59,457
2022-12-07 17:49:01,493
2022-12-07 17:49:02,492
2022-12-07 17:49:03,535
2022-12-07 17:49:04,528
2022-12-07 17:49:05,517
2022-12-07 17:49:06,525
2022-12-07 17:49:07,518
2022-12-07 17:49:10,503
2022-12-07 17:49:11,513
2022-12-07 17:49:11,516
2022-12-07 17:49:13,387
2022-12-07 17:49:14,457
2022-12-07 17:49:15,436
2022-12-07 17:49:16,426
2022-12-07 17:49:17,377
2022-12-07 17:49:19,289
2022-12-07 17:49:21,-310
2022-12-07 17:49:22,-414
2022-12-07 17:49:23,-585
2022-12-07 17:49:24,-600
2022-12-07 17:49:25,-434
2022-12-07 17:49:27,394
2022-12-07 17:49:28,-136
2022-12-07 17:49:29,340
2022-12-07 17:49:30,152
2022-12-07 17:49:32,35
2022-12-07 17:49:33,145
2022-12-07 17:49:34,64
2022-12-07 17:49:36,179
2022-12-07 17:49:37,-464
2022-12-07 17:49:39,-574
2022-12-07 17:49:40,-606
2022-12-07 17:49:41,-56
2022-12-07 17:49:42,-151
2022-12-07 17:49:43,-134
2022-12-07 17:49:44,-401
2022-12-07 17:49:46,-458
2022-12-07 17:49:47,-63
2022-12-07 17:49:48,-88
2022-12-07 17:49:50,-112
2022-12-07 17:49:52,-92
2022-12-07 17:49:53,147
2022-12-07 17:49:54,416
2022-12-07 17:49:55,421
2022-12-07 17:49:57,402
2022-12-07 17:49:59,386
2022-12-07 17:50:00,425
2022-12-07 17:50:01,167
2022-12-07 17:50:02,439
2022-12-07 17:50:03,495
2022-12-07 17:50:04,517
2022-12-07 17:50:05,424
2022-12-07 17:50:07,511
2022-12-07 17:50:08,529
2022-12-07 17:50:09,-9
2022-12-07 17:50:10,-91
2022-12-07 17:50:12,-45
2022-12-07 17:50:14,-143
2022-12-07 17:50:15,356
2022-12-07 17:50:16,256
2022-12-07 17:50:17,-139
2022-12-07 17:50:18,-109
2022-12-07 17:50:19,-107
2022-12-07 17:50:20,-106
2022-12-07 17:50:22,-111
2022-12-07 17:50:23,-130
2022-12-07 17:50:25,-94
2022-12-07 17:50:26,-401
2022-12-07 17:50:27,-381
2022-12-07 17:50:30,-318
2022-12-07 17:50:31,-253
2022-12-07 17:50:33,-85
2022-12-07 17:50:34,11
2022-12-07 17:50:35,49
2022-12-07 17:50:36,271
2022-12-07 17:50:37,549
2022-12-07 17:50:38,128
2022-12-07 17:50:39,23
2022-12-07 17:50:41,11
2022-12-07 17:50:42,23
2022-12-07 17:50:44,29
2022-12-07 17:50:45,14
2022-12-07 17:50:47,38
2022-12-07 17:50:48,28
2022-12-07 17:50:49,31
2022-12-07 17:50:51,-56
2022-12-07 17:50:52,90
2022-12-07 17:50:54,103
2022-12-07 17:50:57,93
2022-12-07 17:50:58,82
2022-12-07 17:50:59,77
2022-12-07 17:51:00,83
2022-12-07 17:51:02,74
2022-12-07 17:51:03,50
2022-12-07 17:51:05,72
2022-12-07 17:51:05,54
2022-12-07 17:51:07,52
2022-12-07 17:51:08,33
2022-12-07 17:51:09,49
2022-12-07 17:51:11,6
2022-12-07 17:51:12,9
2022-12-07 17:51:14,113
2022-12-07 17:51:15,23
2022-12-07 17:51:16,13
2022-12-07 17:51:17,31
2022-12-07 17:51:19,356
2022-12-07 17:51:22,-194
2022-12-07 17:51:23,34
2022-12-07 17:51:25,-385
2022-12-07 17:51:26,-36
2022-12-07 17:51:27,-79
2022-12-07 17:51:28,-13
2022-12-07 17:51:29,-368
2022-12-07 17:51:31,204
2022-12-07 17:51:32,56
2022-12-07 17:51:33,28
2022-12-07 17:51:35,37
2022-12-07 17:51:36,78
2022-12-07 17:51:37,34
2022-12-07 17:51:38,37
2022-12-07 17:51:39,54
2022-12-07 17:51:40,25
2022-12-07 17:51:41,1
2022-12-07 17:51:43,-363
2022-12-07 17:51:44,-373
2022-12-07 17:51:46,-23
2022-12-07 17:51:48,-122
2022-12-07 17:51:50,-14
2022-12-07 17:51:51,-35
2022-12-07 17:51:52,-18
2022-12-07 17:51:53,-41
2022-12-07 17:51:55,78
2022-12-07 17:51:56,94
2022-12-07 17:51:57,179
2022-12-07 17:51:58,494
2022-12-07 17:52:00,137
2022-12-07 17:52:01,-30
2022-12-07 17:52:03,-23
2022-12-07 17:52:04,-48
2022-12-07 17:52:05,-57
2022-12-07 17:52:06,-35
2022-12-07 17:52:08,4
2022-12-07 17:52:08,-84
2022-12-07 17:52:10,67
2022-12-07 17:52:12,-158
2022-12-07 17:52:12,-5
2022-12-07 17:52:15,52
2022-12-07 17:52:16,27
2022-12-07 17:52:17,135
2022-12-07 17:52:18,269
2022-12-07 17:52:20,-137
2022-12-07 17:52:22,-315
2022-12-07 17:52:22,-375
2022-12-07 17:52:24,-371
2022-12-07 17:52:25,-368
2022-12-07 17:52:26,-367
2022-12-07 17:52:27,-351
2022-12-07 17:52:28,-363
2022-12-07 17:52:30,-370
2022-12-07 17:52:31,-362
2022-12-07 17:52:32,402
2022-12-07 17:52:34,353
2022-12-07 17:52:35,361
2022-12-07 17:52:36,334
2022-12-07 17:52:37,102
2022-12-07 17:52:40,-205
2022-12-07 17:52:42,-341
2022-12-07 17:52:43,405
2022-12-07 17:52:44,-56
2022-12-07 17:52:45,199
2022-12-07 17:52:47,287
2022-12-07 17:52:48,447
2022-12-07 17:52:49,391
2022-12-07 17:52:51,412
2022-12-07 17:52:52,315
2022-12-07 17:52:53,398
2022-12-07 17:52:54,415
2022-12-07 17:52:55,429
2022-12-07 17:52:56,344
2022-12-07 17:52:57,233
2022-12-07 17:53:00,255
2022-12-07 17:53:02,276
2022-12-07 17:53:03,324
2022-12-07 17:53:05,426
2022-12-07 17:53:06,358
2022-12-07 17:53:07,394
2022-12-07 17:53:09,350
2022-12-07 17:53:10,314
2022-12-07 17:53:11,320
2022-12-07 17:53:12,294
2022-12-07 17:53:14,307
2022-12-07 17:53:14,380
2022-12-07 17:53:16,263
2022-12-07 17:53:18,233
2022-12-07 17:53:19,365
2022-12-07 17:53:21,393
2022-12-07 17:53:21,361
2022-12-07 17:53:23,358
2022-12-07 17:53:24,403
2022-12-07 17:53:25,422
2022-12-07 17:53:27,404
2022-12-07 17:53:28,392
2022-12-07 17:53:29,326
2022-12-07 17:53:30,417
2022-12-07 17:53:31,405
2022-12-07 17:53:33,294
2022-12-07 17:53:35,252
2022-12-07 17:53:36,222
2022-12-07 17:53:37,413
2022-12-07 17:53:38,444
2022-12-07 17:53:40,447
2022-12-07 17:53:41,-24
2022-12-07 17:53:42,-210
2022-12-07 17:53:43,100
2022-12-07 17:53:45,138
2022-12-07 17:53:46,386
2022-12-07 17:53:47,439
2022-12-07 17:53:48,429
2022-12-07 17:53:50,484
2022-12-07 17:53:51,483
2022-12-07 17:53:52,499
2022-12-07 17:53:54,553
2022-12-07 17:53:55,550
2022-12-07 17:53:57,580
2022-12-07 17:53:58,585
2022-12-07 17:53:59,564
2022-12-07 17:54:00,600
2022-12-07 17:54:01,630
2022-12-07 17:54:02,703
2022-12-07 17:54:03,577
2022-12-07 17:54:04,611
2022-12-07 17:54:07,638
2022-12-07 17:54:08,651
2022-12-07 17:54:09,678
2022-12-07 17:54:10,463
2022-12-07 17:54:11,1
2022-12-07 17:54:13,-83
2022-12-07 17:54:15,344
2022-12-07 17:54:16,-150
2022-12-07 17:54:17,167
2022-12-07 17:54:17,343
2022-12-07 17:54:18,9
2022-12-07 17:54:20,195
2022-12-07 17:54:22,-170
2022-12-07 17:54:23,220
2022-12-07 17:54:26,-375
2022-12-07 17:54:29,-171
2022-12-07 17:54:30,105
2022-12-07 17:54:31,171
2022-12-07 17:54:32,-108
2022-12-07 17:54:34,-128
2022-12-07 17:54:35,-37
2022-12-07 17:54:36,-50
2022-12-07 17:54:37,-88
2022-12-07 17:54:39,-205
2022-12-07 17:54:40,-213
2022-12-07 17:54:41,-141
2022-12-07 17:54:43,-244
2022-12-07 17:54:44,-208
2022-12-07 17:54:46,-206
2022-12-07 17:54:47,-208
2022-12-07 17:54:48,-208
2022-12-07 17:54:50,-212
2022-12-07 17:54:51,-241
2022-12-07 17:54:52,-223
2022-12-07 17:54:53,-194
2022-12-07 17:54:55,-198
2022-12-07 17:54:56,-71
2022-12-07 17:54:57,-76
2022-12-07 17:54:58,-12
2022-12-07 17:55:00,-78
2022-12-07 17:55:01,-19
2022-12-07 17:55:02,-63
2022-12-07 17:55:04,12
2022-12-07 17:55:05,23
2022-12-07 17:55:06,33
2022-12-07 17:55:07,226
2022-12-07 17:55:08,140
2022-12-07 17:55:09,270
2022-12-07 17:55:10,97
2022-12-07 17:55:11,165
2022-12-07 17:55:14,157
2022-12-07 17:55:15,364
2022-12-07 17:55:16,490
2022-12-07 17:55:18,-17
2022-12-07 17:55:19,227
2022-12-07 17:55:20,316
2022-12-07 17:55:21,326
2022-12-07 17:55:23,357
2022-12-07 17:55:24,330
2022-12-07 17:55:25,199
2022-12-07 17:55:26,238
2022-12-07 17:55:28,410
2022-12-07 17:55:30,544
2022-12-07 17:55:31,526
2022-12-07 17:55:33,-25
2022-12-07 17:55:34,-337
2022-12-07 17:55:35,381
2022-12-07 17:55:37,467
2022-12-07 17:55:38,502
2022-12-07 17:55:40,451
2022-12-07 17:55:41,-103
2022-12-07 17:55:44,35
2022-12-07 17:55:45,-196
2022-12-07 17:55:46,213
2022-12-07 17:55:47,513
2022-12-07 17:55:48,40
2022-12-07 17:55:50,-96
2022-12-07 17:55:51,-532
2022-12-07 17:55:52,-534
2022-12-07 17:55:53,-538
2022-12-07 17:55:55,-576
2022-12-07 17:55:57,-570
2022-12-07 17:55:58,-559
2022-12-07 17:55:59,-553
2022-12-07 17:56:00,-556
2022-12-07 17:56:01,-331
2022-12-07 17:56:03,-499
2022-12-07 17:56:04,147
2022-12-07 17:56:05,299
2022-12-07 17:56:07,173
2022-12-07 17:56:08,232
2022-12-07 17:56:09,265
2022-12-07 17:56:10,5
2022-12-07 17:56:12,-361
2022-12-07 17:56:12,-406
2022-12-07 17:56:13,-419
2022-12-07 17:56:15,-404
2022-12-07 17:56:16,35
2022-12-07 17:56:18,57
2022-12-07 17:56:19,182
2022-12-07 17:56:20,79
2022-12-07 17:56:22,129
2022-12-07 17:56:23,223
2022-12-07 17:56:24,189
2022-12-07 17:56:26,224
2022-12-07 17:56:27,221
2022-12-07 17:56:28,265
2022-12-07 17:56:29,243
2022-12-07 17:56:30,242
2022-12-07 17:56:31,234
2022-12-07 17:56:33,337
2022-12-07 17:56:34,420
2022-12-07 17:56:35,380
2022-12-07 17:56:36,330
2022-12-07 17:56:38,287
2022-12-07 17:56:39,145
2022-12-07 17:56:40,53
2022-12-07 17:56:41,439
2022-12-07 17:56:44,359
2022-12-07 17:56:45,299
2022-12-07 17:56:46,327
2022-12-07 17:56:47,-8
2022-12-07 17:56:48,-104
2022-12-07 17:56:49,-120
2022-12-07 17:56:52,168
2022-12-07 17:56:53,378
2022-12-07 17:56:54,424
2022-12-07 17:56:55,455
2022-12-07 17:56:57,455
2022-12-07 17:56:58,450
2022-12-07 17:57:00,386
2022-12-07 17:57:01,332
2022-12-07 17:57:02,416
2022-12-07 17:57:03,338
2022-12-07 17:57:04,299
2022-12-07 17:57:05,540
2022-12-07 17:57:07,445
2022-12-07 17:57:09,227
2022-12-07 17:57:10,243
2022-12-07 17:57:11,280
2022-12-07 17:57:13,388
2022-12-07 17:57:14,471
2022-12-07 17:57:15,27
2022-12-07 17:57:16,124
2022-12-07 17:57:17,174
2022-12-07 17:57:18,296
2022-12-07 17:57:20,185
2022-12-07 17:57:21,212
2022-12-07 17:57:22,441
2022-12-07 17:57:25,445
2022-12-07 17:57:26,382
2022-12-07 17:57:27,437
2022-12-07 17:57:28,483
2022-12-07 17:57:29,484
2022-12-07 17:57:31,478
2022-12-07 17:57:33,278
2022-12-07 17:57:34,-67
2022-12-07 17:57:35,-45
2022-12-07 17:57:37,-100
2022-12-07 17:57:38,-203
2022-12-07 17:57:40,168
2022-12-07 17:57:41,-101
2022-12-07 17:57:44,-141
2022-12-07 17:57:45,-86
2022-12-07 17:57:46,-25
2022-12-07 17:57:47,-120
2022-12-07 17:57:48,39
2022-12-07 17:57:49,31
2022-12-07 17:57:50,-192
2022-12-07 17:57:52,-352
2022-12-07 17:57:53,-285
2022-12-07 17:57:55,-237
2022-12-07 17:57:56,-373
2022-12-07 17:57:57,-313
2022-12-07 17:57:58,-372
2022-12-07 17:57:59,-275
2022-12-07 17:58:01,-292
2022-12-07 17:58:02,-218
2022-12-07 17:58:03,-108
2022-12-07 17:58:04,0
2022-12-07 17:58:06,-109
2022-12-07 17:58:07,-90
2022-12-07 17:58:09,-189
2022-12-07 17:58:10,-296
2022-12-07 17:58:11,-342
2022-12-07 17:58:13,-326
2022-12-07 17:58:14,-403
2022-12-07 17:58:15,-307
2022-12-07 17:58:16,-332
2022-12-07 17:58:18,-264
2022-12-07 17:58:21,-136
2022-12-07 17:58:23,-105
2022-12-07 17:58:24,-121
2022-12-07 17:58:25,-272
2022-12-07 17:58:26,-113
2022-12-07 17:58:28,-37
2022-12-07 17:58:30,-131
2022-12-07 17:58:31,-156
2022-12-07 17:58:32,-22
2022-12-07 17:58:33,-264
2022-12-07 17:58:35,-190
2022-12-07 17:58:35,-199
2022-12-07 17:58:36,-145
2022-12-07 17:58:38,-114
2022-12-07 17:58:39,-356
2022-12-07 17:58:40,-441
2022-12-07 17:58:41,-296
2022-12-07 17:58:43,232
2022-12-07 17:58:44,295
2022-12-07 17:58:46,479
2022-12-07 17:58:48,242
2022-12-07 17:58:49,152
2022-12-07 17:58:50,242
2022-12-07 17:58:51,628
2022-12-07 17:58:52,664
2022-12-07 17:58:53,603
2022-12-07 17:58:55,607
2022-12-07 17:58:58,621
2022-12-07 17:58:59,634
2022-12-07 17:59:00,601
2022-12-07 17:59:01,578
2022-12-07 17:59:02,587
2022-12-07 17:59:04,526
2022-12-07 17:59:05,520
2022-12-07 17:59:06,347
2022-12-07 17:59:07,95
2022-12-07 17:59:08,-14
2022-12-07 17:59:11,-261
2022-12-07 17:59:12,-245
2022-12-07 17:59:13,-226
2022-12-07 17:59:15,-162
2022-12-07 17:59:16,-188
2022-12-07 17:59:17,-189
2022-12-07 17:59:19,-195
2022-12-07 17:59:20,-288
2022-12-07 17:59:21,-95
2022-12-07 17:59:22,-108
2022-12-07 17:59:23,-86
2022-12-07 17:59:25,-45
2022-12-07 17:59:26,-240
2022-12-07 17:59:27,-129
2022-12-07 17:59:28,-37
2022-12-07 17:59:29,434
2022-12-07 17:59:30,378
2022-12-07 17:59:31,370
2022-12-07 17:59:33,470
2022-12-07 17:59:34,94
2022-12-07 17:59:35,404
2022-12-07 17:59:36,-158
2022-12-07 17:59:37,-49
2022-12-07 17:59:38,110
2022-12-07 17:59:39,-109
2022-12-07 17:59:41,-68
2022-12-07 17:59:43,352
2022-12-07 17:59:45,496
2022-12-07 17:59:46,-78
2022-12-07 17:59:48,100
2022-12-07 17:59:49,352
2022-12-07 17:59:51,-739
2022-12-07 17:59:52,-661
2022-12-07 17:59:54,42
2022-12-07 17:59:56,-143
2022-12-07 17:59:57,390
2022-12-07 18:00:00,478
2022-12-07 18:00:03,18
2022-12-07 18:00:05,-238
2022-12-07 18:00:07,187
2022-12-07 18:00:08,-122
2022-12-07 18:00:09,205
2022-12-07 18:00:11,29
2022-12-07 18:00:12,306
2022-12-07 18:00:13,168
2022-12-07 18:00:14,622
2022-12-07 18:00:16,114
2022-12-07 18:00:17,-28
2022-12-07 18:00:19,230
2022-12-07 18:00:20,123
2022-12-07 18:00:21,207
2022-12-07 18:00:23,234
2022-12-07 18:00:24,294
2022-12-07 18:00:25,182
2022-12-07 18:00:27,382
2022-12-07 18:00:28,325
2022-12-07 18:00:29,343
2022-12-07 18:00:31,369
2022-12-07 18:00:32,-124
2022-12-07 18:00:33,350
2022-12-07 18:00:35,-55
2022-12-07 18:00:36,185
2022-12-07 18:00:37,272
2022-12-07 18:00:38,202
2022-12-07 18:00:40,70
2022-12-07 18:00:41,224
2022-12-07 18:00:43,-194
2022-12-07 18:00:44,-217
2022-12-07 18:00:45,-104
2022-12-07 18:00:46,141
2022-12-07 18:00:47,137
2022-12-07 18:00:48,284
2022-12-07 18:00:50,303
2022-12-07 18:00:51,-53
2022-12-07 18:00:52,280
2022-12-07 18:00:54,416
2022-12-07 18:00:55,-93
2022-12-07 18:00:56,179
2022-12-07 18:00:57,281
2022-12-07 18:00:58,377
2022-12-07 18:01:00,333
2022-12-07 18:01:02,222
2022-12-07 18:01:03,231
2022-12-07 18:01:03,124
2022-12-07 18:01:05,109
2022-12-07 18:01:07,116
2022-12-07 18:01:08,321
2022-12-07 18:01:09,217
2022-12-07 18:01:11,207
2022-12-07 18:01:12,208
2022-12-07 18:01:14,203
2022-12-07 18:01:16,414
2022-12-07 18:01:17,152
2022-12-07 18:01:18,183
2022-12-07 18:01:19,315
2022-12-07 18:01:21,445
2022-12-07 18:01:21,188
2022-12-07 18:01:23,225
2022-12-07 18:01:24,343
2022-12-07 18:01:26,205
2022-12-07 18:01:27,-7
2022-12-07 18:01:28,200
2022-12-07 18:01:30,74
2022-12-07 18:01:31,344
2022-12-07 18:01:32,28
2022-12-07 18:01:34,-895
2022-12-07 18:01:35,-628
2022-12-07 18:01:36,-257
2022-12-07 18:01:37,-316
2022-12-07 18:01:38,96
2022-12-07 18:01:39,57
2022-12-07 18:01:41,42
2022-12-07 18:01:42,97
2022-12-07 18:01:43,23
2022-12-07 18:01:44,9
2022-12-07 18:01:46,54
2022-12-07 18:01:47,30
2022-12-07 18:01:48,242
2022-12-07 18:01:50,352
2022-12-07 18:01:51,371
2022-12-07 18:01:52,345
2022-12-07 18:01:53,269
2022-12-07 18:01:54,275
2022-12-07 18:01:56,307
2022-12-07 18:01:57,430
2022-12-07 18:01:58,449
2022-12-07 18:02:00,376
2022-12-07 18:02:00,75
2022-12-07 18:02:02,322
2022-12-07 18:02:04,373
2022-12-07 18:02:05,38
2022-12-07 18:02:06,269
2022-12-07 18:02:07,319
2022-12-07 18:02:08,327
2022-12-07 18:02:11,336
2022-12-07 18:02:12,330
2022-12-07 18:02:13,324
2022-12-07 18:02:14,341
2022-12-07 18:02:15,330
2022-12-07 18:02:16,321
2022-12-07 18:02:18,306
2022-12-07 18:02:19,275
2022-12-07 18:02:20,356
2022-12-07 18:02:21,362
2022-12-07 18:02:23,353
2022-12-07 18:02:25,366
2022-12-07 18:02:26,-259
2022-12-07 18:02:27,-473
2022-12-07 18:02:29,-662
2022-12-07 18:02:30,-228
2022-12-07 18:02:31,-197
2022-12-07 18:02:32,-196
2022-12-07 18:02:34,-400
2022-12-07 18:02:35,-369
2022-12-07 18:02:36,-422
2022-12-07 18:02:37,-447
2022-12-07 18:02:38,-385
2022-12-07 18:02:41,124
2022-12-07 18:02:43,-287
2022-12-07 18:02:44,-186
2022-12-07 18:02:45,-350
2022-12-07 18:02:47,-75
2022-12-07 18:02:48,-247
2022-12-07 18:02:49,-565
2022-12-07 18:02:50,-645
2022-12-07 18:02:52,-417
2022-12-07 18:02:53,-106
2022-12-07 18:02:54,225
2022-12-07 18:02:56,339
2022-12-07 18:02:57,405
2022-12-07 18:02:59,-300
2022-12-07 18:03:01,-122
2022-12-07 18:03:03,335
2022-12-07 18:03:05,7
2022-12-07 18:03:06,20
2022-12-07 18:03:07,31
2022-12-07 18:03:08,231
2022-12-07 18:03:09,383
2022-12-07 18:03:11,331
2022-12-07 18:03:11,272
2022-12-07 18:03:13,357
2022-12-07 18:03:14,330
2022-12-07 18:03:16,99
2022-12-07 18:03:17,52
2022-12-07 18:03:19,411
2022-12-07 18:03:20,422
2022-12-07 18:03:21,410
2022-12-07 18:03:23,401
2022-12-07 18:03:24,398
2022-12-07 18:03:25,229
2022-12-07 18:03:27,402
2022-12-07 18:03:28,432
2022-12-07 18:03:29,310
2022-12-07 18:03:30,157
2022-12-07 18:03:32,240
2022-12-07 18:03:34,415
2022-12-07 18:03:36,319
2022-12-07 18:03:37,429
2022-12-07 18:03:38,415
2022-12-07 18:03:40,396
2022-12-07 18:03:41,418
2022-12-07 18:03:42,398
2022-12-07 18:03:44,348
2022-12-07 18:03:45,418
2022-12-07 18:03:46,326
2022-12-07 18:03:47,387
2022-12-07 18:03:48,406
2022-12-07 18:03:50,170
2022-12-07 18:03:51,260
2022-12-07 18:03:52,382
2022-12-07 18:03:53,384
2022-12-07 18:03:55,378
2022-12-07 18:03:56,246
2022-12-07 18:03:58,69
2022-12-07 18:03:59,-37
2022-12-07 18:04:00,-69
2022-12-07 18:04:02,-69
2022-12-07 18:04:03,-86
2022-12-07 18:04:05,-87
2022-12-07 18:04:06,-94
2022-12-07 18:04:08,-94
2022-12-07 18:04:09,-105
2022-12-07 18:04:11,-91
2022-12-07 18:04:11,273
2022-12-07 18:04:13,470
2022-12-07 18:04:14,454
2022-12-07 18:04:15,458
2022-12-07 18:04:16,451
2022-12-07 18:04:18,451
2022-12-07 18:04:19,473
2022-12-07 18:04:20,465
2022-12-07 18:04:22,459
2022-12-07 18:04:23,469
2022-12-07 18:04:24,455
2022-12-07 18:04:26,475
2022-12-07 18:04:27,450
2022-12-07 18:04:28,465
2022-12-07 18:04:29,454
2022-12-07 18:04:30,461
2022-12-07 18:04:31,429
2022-12-07 18:04:33,479
2022-12-07 18:04:34,462
2022-12-07 18:04:36,461
2022-12-07 18:04:37,463
2022-12-07 18:04:38,471
2022-12-07 18:04:39,461
2022-12-07 18:04:41,481
2022-12-07 18:04:42,466
2022-12-07 18:04:44,468
2022-12-07 18:04:45,463
2022-12-07 18:04:46,472
2022-12-07 18:04:47,470
2022-12-07 18:04:49,473
2022-12-07 18:04:49,461
2022-12-07 18:04:51,468
2022-12-07 18:04:52,482
2022-12-07 18:04:53,284
2022-12-07 18:04:55,197
2022-12-07 18:04:55,182
2022-12-07 18:04:57,163
2022-12-07 18:04:58,133
2022-12-07 18:05:00,111
2022-12-07 18:05:01,129
2022-12-07 18:05:03,77
2022-12-07 18:05:04,92
2022-12-07 18:05:05,96
2022-12-07 18:05:07,70
2022-12-07 18:05:08,286
2022-12-07 18:05:09,165
2022-12-07 18:05:10,155
2022-12-07 18:05:11,157
2022-12-07 18:05:13,169
2022-12-07 18:05:15,157
2022-12-07 18:05:15,191
2022-12-07 18:05:17,-468
2022-12-07 18:05:18,-495
2022-12-07 18:05:20,-488
2022-12-07 18:05:21,-406
2022-12-07 18:05:22,-401
2022-12-07 18:05:23,-391
2022-12-07 18:05:25,-277
2022-12-07 18:05:26,-250
2022-12-07 18:05:27,-265
2022-12-07 18:05:28,-234
2022-12-07 18:05:29,-123
2022-12-07 18:05:31,-41
2022-12-07 18:05:33,-36
2022-12-07 18:05:34,-24
2022-12-07 18:05:36,-27
2022-12-07 18:05:37,-63
2022-12-07 18:05:39,-16
2022-12-07 18:05:40,-18
2022-12-07 18:05:42,-27
2022-12-07 18:05:43,280
2022-12-07 18:05:44,3
2022-12-07 18:05:45,154
2022-12-07 18:05:47,218
2022-12-07 18:05:48,111
2022-12-07 18:05:50,59
2022-12-07 18:05:52,8
2022-12-07 18:05:53,26
2022-12-07 18:05:54,11
2022-12-07 18:05:55,35
2022-12-07 18:05:56,19
2022-12-07 18:05:57,11
2022-12-07 18:05:59,115
2022-12-07 18:06:00,102
2022-12-07 18:06:02,119
2022-12-07 18:06:04,143
2022-12-07 18:06:05,143
2022-12-07 18:06:06,131
2022-12-07 18:06:07,128
2022-12-07 18:06:08,116
2022-12-07 18:06:10,107
2022-12-07 18:06:11,105
2022-12-07 18:06:12,100
2022-12-07 18:06:14,101
2022-12-07 18:06:15,98
2022-12-07 18:06:16,88
2022-12-07 18:06:18,113
2022-12-07 18:06:19,133
2022-12-07 18:06:20,321
2022-12-07 18:06:21,392
2022-12-07 18:06:22,34
2022-12-07 18:06:24,87
2022-12-07 18:06:25,81
2022-12-07 18:06:26,73
2022-12-07 18:06:29,-247
2022-12-07 18:06:30,-255
2022-12-07 18:06:31,289
2022-12-07 18:06:32,216
2022-12-07 18:06:33,216
2022-12-07 18:06:34,196
2022-12-07 18:06:35,231
2022-12-07 18:06:37,201
2022-12-07 18:06:38,143
2022-12-07 18:06:39,146
2022-12-07 18:06:40,232
2022-12-07 18:06:42,248
2022-12-07 18:06:44,84
2022-12-07 18:06:45,71
2022-12-07 18:06:48,62
2022-12-07 18:06:49,32
2022-12-07 18:06:50,-3
2022-12-07 18:06:51,-18
2022-12-07 18:06:53,-27
2022-12-07 18:06:54,211
2022-12-07 18:06:55,366
2022-12-07 18:06:57,381
2022-12-07 18:06:58,-248
2022-12-07 18:06:59,-241
2022-12-07 18:07:00,-121
2022-12-07 18:07:02,-375
2022-12-07 18:07:03,-220
2022-12-07 18:07:04,-421
2022-12-07 18:07:06,-169
2022-12-07 18:07:06,298
2022-12-07 18:07:08,-275
2022-12-07 18:07:09,-224
2022-12-07 18:07:10,-122
2022-12-07 18:07:12,-171
2022-12-07 18:07:13,61
2022-12-07 18:07:14,83
2022-12-07 18:07:15,-159
2022-12-07 18:07:16,-124
2022-12-07 18:07:17,-148
2022-12-07 18:07:18,-78
2022-12-07 18:07:19,-238
2022-12-07 18:07:20,-257
2022-12-07 18:07:23,309
2022-12-07 18:07:23,394
2022-12-07 18:07:25,295
2022-12-07 18:07:27,-39
2022-12-07 18:07:28,369
2022-12-07 18:07:30,-555
2022-12-07 18:07:30,141
2022-12-07 18:07:32,-116
2022-12-07 18:07:33,-140
2022-12-07 18:07:34,-105
2022-12-07 18:07:35,-99
2022-12-07 18:07:37,-18
2022-12-07 18:07:38,-47
2022-12-07 18:07:39,-54
2022-12-07 18:07:41,-60
2022-12-07 18:07:43,-12
2022-12-07 18:07:44,-34
2022-12-07 18:07:45,-39
2022-12-07 18:07:46,-45
2022-12-07 18:07:47,-49
2022-12-07 18:07:48,-39
2022-12-07 18:07:49,-51
2022-12-07 18:07:50,-77
2022-12-07 18:07:51,-82
2022-12-07 18:07:53,58
2022-12-07 18:07:54,360
2022-12-07 18:07:56,352
2022-12-07 18:07:57,134
2022-12-07 18:07:58,116
2022-12-07 18:08:00,456
2022-12-07 18:08:01,461
2022-12-07 18:08:02,458
2022-12-07 18:08:04,454
2022-12-07 18:08:05,371
2022-12-07 18:08:06,352
2022-12-07 18:08:07,348
2022-12-07 18:08:09,368
2022-12-07 18:08:10,376
2022-12-07 18:08:11,369
2022-12-07 18:08:13,348
2022-12-07 18:08:14,344
2022-12-07 18:08:15,333
2022-12-07 18:08:16,367
2022-12-07 18:08:18,358
2022-12-07 18:08:20,342
2022-12-07 18:08:21,342
2022-12-07 18:08:22,342
2022-12-07 18:08:23,73
2022-12-07 18:08:24,337
2022-12-07 18:08:25,350
2022-12-07 18:08:27,360
2022-12-07 18:08:28,339
2022-12-07 18:08:29,330
2022-12-07 18:08:30,349
2022-12-07 18:08:33,345
2022-12-07 18:08:34,340
2022-12-07 18:08:35,343
2022-12-07 18:08:37,323
2022-12-07 18:08:38,323
2022-12-07 18:08:39,354
2022-12-07 18:08:40,324
2022-12-07 18:08:42,452
2022-12-07 18:08:43,415
2022-12-07 18:08:45,429
2022-12-07 18:08:46,-66
2022-12-07 18:08:47,-77
2022-12-07 18:08:49,-69
2022-12-07 18:08:51,-76
2022-12-07 18:08:53,-62
2022-12-07 18:08:54,-80
2022-12-07 18:08:55,-73
2022-12-07 18:08:56,-75
2022-12-07 18:08:57,79
2022-12-07 18:08:58,431
2022-12-07 18:08:59,460
2022-12-07 18:09:01,456
2022-12-07 18:09:03,463
2022-12-07 18:09:04,462
2022-12-07 18:09:05,452
2022-12-07 18:09:06,83
2022-12-07 18:09:08,381
2022-12-07 18:09:09,387
2022-12-07 18:09:10,366
2022-12-07 18:09:11,405
2022-12-07 18:09:14,366
2022-12-07 18:09:14,422
2022-12-07 18:09:15,431
2022-12-07 18:09:17,273
2022-12-07 18:09:18,-42
2022-12-07 18:09:19,-172
2022-12-07 18:09:21,365
2022-12-07 18:09:22,168
2022-12-07 18:09:23,147
2022-12-07 18:09:24,131
2022-12-07 18:09:25,115
2022-12-07 18:09:27,130
2022-12-07 18:09:27,142
2022-12-07 18:09:29,125
2022-12-07 18:09:32,-57
2022-12-07 18:09:33,-54
2022-12-07 18:09:34,404
2022-12-07 18:09:35,461
2022-12-07 18:09:36,463
2022-12-07 18:09:38,468
2022-12-07 18:09:40,467
2022-12-07 18:09:41,464
2022-12-07 18:09:42,437
2022-12-07 18:09:43,-140
2022-12-07 18:09:45,292
2022-12-07 18:09:46,319
2022-12-07 18:09:47,315
2022-12-07 18:09:49,324
2022-12-07 18:09:51,-190
2022-12-07 18:09:51,456
2022-12-07 18:09:53,382
2022-12-07 18:09:54,387
2022-12-07 18:09:55,173
2022-12-07 18:09:57,-123
2022-12-07 18:09:57,-122
2022-12-07 18:09:59,-173
2022-12-07 18:10:01,52
2022-12-07 18:10:01,56
2022-12-07 18:10:03,-10
2022-12-07 18:10:04,-63
2022-12-07 18:10:06,-38
2022-12-07 18:10:08,452
2022-12-07 18:10:10,456
2022-12-07 18:10:11,448
2022-12-07 18:10:12,268
2022-12-07 18:10:14,282
2022-12-07 18:10:15,262
2022-12-07 18:10:17,283
2022-12-07 18:10:18,396
2022-12-07 18:10:20,455
2022-12-07 18:10:21,441
2022-12-07 18:10:22,450
2022-12-07 18:10:23,465
2022-12-07 18:10:24,453
2022-12-07 18:10:26,444
2022-12-07 18:10:28,439
2022-12-07 18:10:29,384
2022-12-07 18:10:30,382
2022-12-07 18:10:31,386
2022-12-07 18:10:33,382
2022-12-07 18:10:34,377
2022-12-07 18:10:35,370
2022-12-07 18:10:36,380
2022-12-07 18:10:38,366
2022-12-07 18:10:39,328
2022-12-07 18:10:40,334
2022-12-07 18:10:42,330
2022-12-07 18:10:43,347
2022-12-07 18:10:44,349
2022-12-07 18:10:45,368
2022-12-07 18:10:47,367
2022-12-07 18:10:48,357
2022-12-07 18:10:49,361
2022-12-07 18:10:50,355
2022-12-07 18:10:51,337
2022-12-07 18:10:53,366
2022-12-07 18:10:54,357
2022-12-07 18:10:55,367
2022-12-07 18:10:56,360
2022-12-07 18:10:57,334
2022-12-07 18:10:59,358
2022-12-07 18:11:00,354
2022-12-07 18:11:02,134
2022-12-07 18:11:02,149
2022-12-07 18:11:04,156
2022-12-07 18:11:05,86
2022-12-07 18:11:06,72
2022-12-07 18:11:07,78
2022-12-07 18:11:08,46
2022-12-07 18:11:10,0
2022-12-07 18:11:11,-100
2022-12-07 18:11:13,153
2022-12-07 18:11:14,432
2022-12-07 18:11:15,430
2022-12-07 18:11:16,446
2022-12-07 18:11:17,442
2022-12-07 18:11:18,450
2022-12-07 18:11:19,452
2022-12-07 18:11:20,182
2022-12-07 18:11:21,-44
2022-12-07 18:11:22,425
2022-12-07 18:11:23,429
2022-12-07 18:11:24,431
2022-12-07 18:11:25,432
2022-12-07 18:11:27,438
2022-12-07 18:11:29,437
2022-12-07 18:11:30,427
2022-12-07 18:11:31,432
2022-12-07 18:11:32,411
2022-12-07 18:11:34,402
2022-12-07 18:11:35,386
2022-12-07 18:11:36,404
2022-12-07 18:11:37,392
2022-12-07 18:11:38,407
2022-12-07 18:11:41,432
2022-12-07 18:11:42,421
2022-12-07 18:11:43,176
2022-12-07 18:11:44,190
2022-12-07 18:11:45,197
2022-12-07 18:11:46,194
2022-12-07 18:11:48,189
2022-12-07 18:11:49,226
2022-12-07 18:11:50,168
2022-12-07 18:11:51,178
2022-12-07 18:11:53,115
2022-12-07 18:11:54,71
2022-12-07 18:11:55,62
2022-12-07 18:11:56,58
2022-12-07 18:11:57,65
2022-12-07 18:12:00,367
2022-12-07 18:12:01,384
2022-12-07 18:12:02,297
2022-12-07 18:12:03,279
2022-12-07 18:12:05,270
2022-12-07 18:12:05,282
2022-12-07 18:12:07,275
2022-12-07 18:12:08,270
2022-12-07 18:12:11,296
2022-12-07 18:12:12,61
2022-12-07 18:12:13,383
2022-12-07 18:12:14,377
2022-12-07 18:12:16,310
2022-12-07 18:12:17,121
2022-12-07 18:12:18,-72
2022-12-07 18:12:20,266
2022-12-07 18:12:20,242
2022-12-07 18:12:22,293
2022-12-07 18:12:24,286
2022-12-07 18:12:25,273
2022-12-07 18:12:26,259
2022-12-07 18:12:27,51
2022-12-07 18:12:29,-63
2022-12-07 18:12:30,29
2022-12-07 18:12:32,-22
2022-12-07 18:12:33,-2
2022-12-07 18:12:34,-99
2022-12-07 18:12:36,199
2022-12-07 18:12:37,410
2022-12-07 18:12:38,294
2022-12-07 18:12:40,276
2022-12-07 18:12:41,286
2022-12-07 18:12:42,318
2022-12-07 18:12:43,348
2022-12-07 18:12:46,363
2022-12-07 18:12:49,335
2022-12-07 18:12:50,388
2022-12-07 18:12:52,389
2022-12-07 18:12:53,393
2022-12-07 18:12:54,393
2022-12-07 18:12:56,403
2022-12-07 18:12:57,390
2022-12-07 18:12:58,380
2022-12-07 18:13:00,384
2022-12-07 18:13:01,393
2022-12-07 18:13:02,391
2022-12-07 18:13:04,398
2022-12-07 18:13:05,409
2022-12-07 18:13:07,465
2022-12-07 18:13:08,466
2022-12-07 18:13:09,458
2022-12-07 18:13:10,468
2022-12-07 18:13:11,449
2022-12-07 18:13:12,465
2022-12-07 18:13:14,447
2022-12-07 18:13:15,449
2022-12-07 18:13:16,327
2022-12-07 18:13:18,344
2022-12-07 18:13:19,344
2022-12-07 18:13:21,345
2022-12-07 18:13:22,347
2022-12-07 18:13:23,359
2022-12-07 18:13:24,309
2022-12-07 18:13:26,326
2022-12-07 18:13:27,321
2022-12-07 18:13:28,261
2022-12-07 18:13:29,229
2022-12-07 18:13:30,231
2022-12-07 18:13:32,238
2022-12-07 18:13:33,244
2022-12-07 18:13:34,233
2022-12-07 18:13:35,258
2022-12-07 18:13:36,446
2022-12-07 18:13:38,421
2022-12-07 18:13:39,421
2022-12-07 18:13:40,415
2022-12-07 18:13:41,408
2022-12-07 18:13:42,397
2022-12-07 18:13:44,356
2022-12-07 18:13:45,451
2022-12-07 18:13:47,405
2022-12-07 18:13:49,439
2022-12-07 18:13:49,419
2022-12-07 18:13:51,396
2022-12-07 18:13:52,426
2022-12-07 18:13:53,440
2022-12-07 18:13:54,435
2022-12-07 18:13:55,475
2022-12-07 18:13:57,458
2022-12-07 18:13:58,430
2022-12-07 18:13:59,455
2022-12-07 18:14:01,431
2022-12-07 18:14:02,382
2022-12-07 18:14:03,392
2022-12-07 18:14:05,363
2022-12-07 18:14:05,381
2022-12-07 18:14:08,375
2022-12-07 18:14:08,377
2022-12-07 18:14:11,359
2022-12-07 18:14:12,361
2022-12-07 18:14:13,361
2022-12-07 18:14:15,347
2022-12-07 18:14:15,366
2022-12-07 18:14:17,366
2022-12-07 18:14:19,359
2022-12-07 18:14:20,333
2022-12-07 18:14:21,418
2022-12-07 18:14:23,444
2022-12-07 18:14:24,433
2022-12-07 18:14:25,464
2022-12-07 18:14:27,59
2022-12-07 18:14:29,330
2022-12-07 18:14:30,240
2022-12-07 18:14:32,140
2022-12-07 18:14:33,154
2022-12-07 18:14:34,55
2022-12-07 18:14:35,287
2022-12-07 18:14:36,414
2022-12-07 18:14:37,226
2022-12-07 18:14:39,265
2022-12-07 18:14:40,24
2022-12-07 18:14:41,-241
2022-12-07 18:14:42,-288
2022-12-07 18:14:44,-415
2022-12-07 18:14:45,233
2022-12-07 18:14:46,25
2022-12-07 18:14:47,13
2022-12-07 18:14:49,93
2022-12-07 18:14:50,63
2022-12-07 18:14:52,61
2022-12-07 18:14:53,45
2022-12-07 18:14:54,19
2022-12-07 18:14:56,9
2022-12-07 18:14:57,13
2022-12-07 18:14:58,12
2022-12-07 18:14:59,18
2022-12-07 18:15:00,12
2022-12-07 18:15:01,6
2022-12-07 18:15:02,21
2022-12-07 18:15:03,65
2022-12-07 18:15:05,290
2022-12-07 18:15:06,283
2022-12-07 18:15:08,307
2022-12-07 18:15:09,299
2022-12-07 18:15:10,293
2022-12-07 18:15:12,286
2022-12-07 18:15:12,283
2022-12-07 18:15:15,342
2022-12-07 18:15:16,330
2022-12-07 18:15:17,361
2022-12-07 18:15:18,344
2022-12-07 18:15:20,335
2022-12-07 18:15:21,336
2022-12-07 18:15:23,332
2022-12-07 18:15:24,331
2022-12-07 18:15:25,282
2022-12-07 18:15:27,288
2022-12-07 18:15:28,301
2022-12-07 18:15:29,369
2022-12-07 18:15:30,425
2022-12-07 18:15:31,-143
2022-12-07 18:15:33,-7
2022-12-07 18:15:34,-552
2022-12-07 18:15:35,-380
2022-12-07 18:15:36,-408
2022-12-07 18:15:38,-392
2022-12-07 18:15:38,-364
2022-12-07 18:15:40,-423
2022-12-07 18:15:41,-403
2022-12-07 18:15:42,-466
2022-12-07 18:15:43,-404
2022-12-07 18:15:45,-338
2022-12-07 18:15:46,-302
2022-12-07 18:15:47,-372
2022-12-07 18:15:49,90
2022-12-07 18:15:50,333
2022-12-07 18:15:51,275
2022-12-07 18:15:52,353
2022-12-07 18:15:54,385
2022-12-07 18:15:55,383
2022-12-07 18:15:57,346
2022-12-07 18:15:59,322
2022-12-07 18:16:01,433
2022-12-07 18:16:02,308
2022-12-07 18:16:03,310
2022-12-07 18:16:04,303
2022-12-07 18:16:05,300
2022-12-07 18:16:07,362
2022-12-07 18:16:09,329
2022-12-07 18:16:10,156
2022-12-07 18:16:11,158
2022-12-07 18:16:12,162
2022-12-07 18:16:13,157
2022-12-07 18:16:15,149
2022-12-07 18:16:17,138
2022-12-07 18:16:18,157
2022-12-07 18:16:20,155
2022-12-07 18:16:21,207
2022-12-07 18:16:23,192
2022-12-07 18:16:24,175
2022-12-07 18:16:25,189
2022-12-07 18:16:26,172
2022-12-07 18:16:29,186
2022-12-07 18:16:30,180
2022-12-07 18:16:32,178
2022-12-07 18:16:33,166
2022-12-07 18:16:34,171
2022-12-07 18:16:36,158
2022-12-07 18:16:37,171
2022-12-07 18:16:38,171
2022-12-07 18:16:40,358
2022-12-07 18:16:42,445
2022-12-07 18:16:43,425
2022-12-07 18:16:44,463
2022-12-07 18:16:45,436
2022-12-07 18:16:46,404
2022-12-07 18:16:47,391
2022-12-07 18:16:49,401
2022-12-07 18:16:50,412
2022-12-07 18:16:51,276
2022-12-07 18:16:52,297
2022-12-07 18:16:54,297
2022-12-07 18:16:56,287
2022-12-07 18:16:57,283
2022-12-07 18:16:58,211
2022-12-07 18:16:59,226
2022-12-07 18:17:00,206
2022-12-07 18:17:01,242
2022-12-07 18:17:03,234
2022-12-07 18:17:04,349
2022-12-07 18:17:06,365
2022-12-07 18:17:06,396
2022-12-07 18:17:08,401
2022-12-07 18:17:10,400
2022-12-07 18:17:11,399
2022-12-07 18:17:12,398
2022-12-07 18:17:13,396
2022-12-07 18:17:14,399
2022-12-07 18:17:16,384
2022-12-07 18:17:17,391
2022-12-07 18:17:18,398
2022-12-07 18:17:20,356
2022-12-07 18:17:21,258
2022-12-07 18:17:22,203
2022-12-07 18:17:23,227
2022-12-07 18:17:24,239
2022-12-07 18:17:26,439
2022-12-07 18:17:27,461
2022-12-07 18:17:29,448
2022-12-07 18:17:30,468
2022-12-07 18:17:32,432
2022-12-07 18:17:33,428
2022-12-07 18:17:34,430
2022-12-07 18:17:34,330
2022-12-07 18:17:35,315
2022-12-07 18:17:37,317
2022-12-07 18:17:38,306
2022-12-07 18:17:39,274
2022-12-07 18:17:41,267
2022-12-07 18:17:42,278
2022-12-07 18:17:44,299
2022-12-07 18:17:45,277
2022-12-07 18:17:47,327
2022-12-07 18:17:49,429
2022-12-07 18:17:50,446
2022-12-07 18:17:52,386
2022-12-07 18:17:53,454
2022-12-07 18:17:54,242
2022-12-07 18:17:55,404
2022-12-07 18:17:56,369
2022-12-07 18:17:58,336
2022-12-07 18:17:59,333
2022-12-07 18:18:00,319
2022-12-07 18:18:02,305
2022-12-07 18:18:03,289
2022-12-07 18:18:04,283
2022-12-07 18:18:05,282
2022-12-07 18:18:06,453
2022-12-07 18:18:08,384
2022-12-07 18:18:09,412
2022-12-07 18:18:10,408
2022-12-07 18:18:13,361
2022-12-07 18:18:14,287
2022-12-07 18:18:15,312
2022-12-07 18:18:17,322
2022-12-07 18:18:18,315
2022-12-07 18:18:19,330
2022-12-07 18:18:21,345
2022-12-07 18:18:23,335
2022-12-07 18:18:24,333
2022-12-07 18:18:25,463
2022-12-07 18:18:27,451
2022-12-07 18:18:28,452
2022-12-07 18:18:29,436
2022-12-07 18:18:30,416
2022-12-07 18:18:32,380
2022-12-07 18:18:33,403
2022-12-07 18:18:34,403
2022-12-07 18:18:35,405
2022-12-07 18:18:36,388
2022-12-07 18:18:38,402
2022-12-07 18:18:40,425
2022-12-07 18:18:41,409
2022-12-07 18:18:42,400
2022-12-07 18:18:43,399
2022-12-07 18:18:45,403
2022-12-07 18:18:46,410
2022-12-07 18:18:47,403
2022-12-07 18:18:48,411
2022-12-07 18:18:50,404
2022-12-07 18:18:51,410
2022-12-07 18:18:52,398
2022-12-07 18:18:54,406
2022-12-07 18:18:56,408
2022-12-07 18:18:57,403
2022-12-07 18:18:58,413
2022-12-07 18:18:59,411
2022-12-07 18:19:00,406
2022-12-07 18:19:01,411
2022-12-07 18:19:03,403
2022-12-07 18:19:04,412
2022-12-07 18:19:05,418
2022-12-07 18:19:07,415
2022-12-07 18:19:08,404
2022-12-07 18:19:10,423
2022-12-07 18:19:11,415
2022-12-07 18:19:12,415
2022-12-07 18:19:14,407
2022-12-07 18:19:15,411
2022-12-07 18:19:16,413
2022-12-07 18:19:17,405
2022-12-07 18:19:18,387
2022-12-07 18:19:20,419
2022-12-07 18:19:21,420
2022-12-07 18:19:22,401
2022-12-07 18:19:24,409
2022-12-07 18:19:24,414
2022-12-07 18:19:26,415
2022-12-07 18:19:27,450
2022-12-07 18:19:28,448
2022-12-07 18:19:30,462
2022-12-07 18:19:31,443
2022-12-07 18:19:33,431
2022-12-07 18:19:34,339
2022-12-07 18:19:35,331
2022-12-07 18:19:36,347
2022-12-07 18:19:37,362
2022-12-07 18:19:38,366
2022-12-07 18:19:40,370
2022-12-07 18:19:41,372
2022-12-07 18:19:42,395
2022-12-07 18:19:43,371
2022-12-07 18:19:45,354
2022-12-07 18:19:46,361
2022-12-07 18:19:47,359
2022-12-07 18:19:50,355
2022-12-07 18:19:52,363
2022-12-07 18:19:53,366
2022-12-07 18:19:55,349
2022-12-07 18:19:56,348
2022-12-07 18:19:57,364
2022-12-07 18:19:58,345
2022-12-07 18:19:59,364
2022-12-07 18:20:00,359
2022-12-07 18:20:01,356
2022-12-07 18:20:03,355
2022-12-07 18:20:05,357
2022-12-07 18:20:06,365
2022-12-07 18:20:07,353
2022-12-07 18:20:09,361
2022-12-07 18:20:11,356
2022-12-07 18:20:12,362
2022-12-07 18:20:13,353
2022-12-07 18:20:14,353
2022-12-07 18:20:14,360
2022-12-07 18:20:16,357
2022-12-07 18:20:18,372
2022-12-07 18:20:19,373
2022-12-07 18:20:20,367
2022-12-07 18:20:22,373
2022-12-07 18:20:23,370
2022-12-07 18:20:25,390
2022-12-07 18:20:26,387
2022-12-07 18:20:27,381
2022-12-07 18:20:28,396
2022-12-07 18:20:29,367
2022-12-07 18:20:31,382
2022-12-07 18:20:33,368
2022-12-07 18:20:34,392
2022-12-07 18:20:35,388
2022-12-07 18:20:37,390
2022-12-07 18:20:39,379
2022-12-07 18:20:39,390
2022-12-07 18:20:41,382
2022-12-07 18:20:41,388
2022-12-07 18:20:42,372
2022-12-07 18:20:44,380
2022-12-07 18:20:45,386
2022-12-07 18:20:47,369
2022-12-07 18:20:48,382
2022-12-07 18:20:49,391
2022-12-07 18:20:50,392
2022-12-07 18:20:51,389
2022-12-07 18:20:53,382
2022-12-07 18:20:54,386
2022-12-07 18:20:55,391
2022-12-07 18:20:56,389
2022-12-07 18:20:58,381
2022-12-07 18:20:59,385
2022-12-07 18:21:00,386
2022-12-07 18:21:01,379
2022-12-07 18:21:02,376
2022-12-07 18:21:04,265
2022-12-07 18:21:05,420
2022-12-07 18:21:06,471
2022-12-07 18:21:07,432
2022-12-07 18:21:09,333
2022-12-07 18:21:11,340
2022-12-07 18:21:12,357
2022-12-07 18:21:13,335
2022-12-07 18:21:14,420
2022-12-07 18:21:16,436
2022-12-07 18:21:17,421
2022-12-07 18:21:19,248
2022-12-07 18:21:20,378
2022-12-07 18:21:22,375
2022-12-07 18:21:25,321
2022-12-07 18:21:26,377
2022-12-07 18:21:27,186
2022-12-07 18:21:28,268
2022-12-07 18:21:29,347
2022-12-07 18:21:30,343
2022-12-07 18:21:32,365
2022-12-07 18:21:33,341
2022-12-07 18:21:34,344
2022-12-07 18:21:35,355
2022-12-07 18:21:37,356
2022-12-07 18:21:39,360
2022-12-07 18:21:40,342
2022-12-07 18:21:41,362
2022-12-07 18:21:42,351
2022-12-07 18:21:43,351
2022-12-07 18:21:44,347
2022-12-07 18:21:45,347
2022-12-07 18:21:47,353
2022-12-07 18:21:48,358
2022-12-07 18:21:49,348
2022-12-07 18:21:50,346
2022-12-07 18:21:52,316
2022-12-07 18:21:53,331
2022-12-07 18:21:54,329
2022-12-07 18:21:56,403
2022-12-07 18:21:57,401
2022-12-07 18:21:58,396
2022-12-07 18:21:59,407
2022-12-07 18:22:00,398
2022-12-07 18:22:01,402
2022-12-07 18:22:03,410
2022-12-07 18:22:05,390
2022-12-07 18:22:06,400
2022-12-07 18:22:08,396
2022-12-07 18:22:09,400
2022-12-07 18:22:10,401
2022-12-07 18:22:11,396
2022-12-07 18:22:12,401
2022-12-07 18:22:13,405
2022-12-07 18:22:15,397
2022-12-07 18:22:16,411
2022-12-07 18:22:17,412
2022-12-07 18:22:18,395
2022-12-07 18:22:19,406
2022-12-07 18:22:21,398
2022-12-07 18:22:22,397
2022-12-07 18:22:23,403
2022-12-07 18:22:25,401
2022-12-07 18:22:27,404
2022-12-07 18:22:28,438
2022-12-07 18:22:29,78
2022-12-07 18:22:30,105
2022-12-07 18:22:32,-7
2022-12-07 18:22:34,97
2022-12-07 18:22:36,64
2022-12-07 18:22:37,390
2022-12-07 18:22:39,455
2022-12-07 18:22:41,404
2022-12-07 18:22:42,395
2022-12-07 18:22:43,398
2022-12-07 18:22:44,393
2022-12-07 18:22:46,394
2022-12-07 18:22:47,391
2022-12-07 18:22:48,407
2022-12-07 18:22:5