datetime,value
2022-09-18 14:03:13,35.0
2022-09-18 14:03:35,-14.0
2022-09-18 14:03:58,-997.0
2022-09-18 14:04:20,60.0
2022-09-18 14:04:36,-294.0
2022-09-18 14:05:02,77.0
2022-09-18 14:05:17,-105.0
2022-09-18 14:05:42,-707.0
2022-09-18 14:06:05,-492.0
2022-09-18 14:06:22,-580.0
2022-09-18 14:06:47,49.0
2022-09-18 14:07:09,14.0
2022-09-18 14:07:33,-298.0
2022-09-18 14:07:50,-347.0
2022-09-18 14:08:16,47.0
2022-09-18 14:08:31,-221.0
2022-09-18 14:08:54,-501.0
2022-09-18 14:09:18,-41.0
2022-09-18 14:09:41,-130.0
2022-09-18 14:09:58,-144.0
2022-09-18 14:10:21,-111.0
2022-09-18 14:10:46,-127.0
2022-09-18 14:11:02,-105.0
2022-09-18 14:11:24,-94.0
2022-09-18 14:11:49,-428.0
2022-09-18 14:12:12,-448.0
2022-09-18 14:12:34,-162.0
2022-09-18 14:12:56,-454.0
2022-09-18 14:13:17,-111.0
2022-09-18 14:13:39,-97.0
2022-09-18 14:13:54,-12.0
2022-09-18 14:14:15,-109.0
2022-09-18 14:14:37,-92.0
2022-09-18 14:15:05,-134.0
2022-09-18 14:15:26,-104.0
2022-09-18 14:15:48,-80.0
2022-09-18 14:16:09,-131.0
2022-09-18 14:16:31,-112.0
2022-09-18 14:16:52,-122.0
2022-09-18 14:17:14,-145.0
2022-09-18 14:17:35,-135.0
2022-09-18 14:17:50,-103.0
2022-09-18 14:18:11,-155.0
2022-09-18 14:18:33,-168.0
2022-09-18 14:19:01,-218.0
2022-09-18 14:19:21,-151.0
2022-09-18 14:19:43,-119.0
2022-09-18 14:20:05,-101.0
2022-09-18 14:20:26,-131.0
2022-09-18 14:20:48,-116.0
2022-09-18 14:21:09,-127.0
2022-09-18 14:21:24,-162.0
2022-09-18 14:21:45,-165.0
2022-09-18 14:22:07,-91.0
2022-09-18 14:22:29,-54.0
2022-09-18 14:22:51,-169.0
2022-09-18 14:23:12,-110.0
2022-09-18 14:23:33,-66.0
2022-09-18 14:23:56,-110.0
2022-09-18 14:24:17,-141.0
2022-09-18 14:24:38,-669.0
2022-09-18 14:24:59,-144.0
2022-09-18 14:25:20,-272.0
2022-09-18 14:25:42,-156.0
2022-09-18 14:30:03,-162.0
2022-09-18 14:30:24,-151.0
2022-09-18 14:30:44,-129.0
2022-09-18 14:31:05,-138.0
2022-09-18 14:31:26,-124.0
2022-09-18 14:31:48,-136.0
2022-09-18 14:32:08,-120.0
2022-09-18 14:32:29,-143.0
2022-09-18 14:32:51,-30.0
2022-09-18 14:33:12,-50.0
2022-09-18 14:33:33,-17.0
2022-09-18 14:33:55,-41.0
2022-09-18 14:34:15,-22.0
2022-09-18 14:34:36,-156.0
2022-09-18 14:34:57,-75.0
2022-09-18 14:35:18,-66.0
2022-09-18 14:35:46,-65.0
2022-09-18 14:36:07,-48.0
2022-09-18 14:36:28,-51.0
2022-09-18 14:36:50,-44.0
2022-09-18 14:37:10,-50.0
2022-09-18 14:37:32,-45.0
2022-09-18 14:37:53,-62.0
2022-09-18 14:38:14,-52.0
2022-09-18 14:38:35,-817.0
2022-09-18 14:38:57,-18.0
2022-09-18 14:39:12,-67.0
2022-09-18 14:39:35,-192.0
2022-09-18 14:39:59,-22.0
2022-09-18 14:40:22,-78.0
2022-09-18 14:40:44,-162.0
2022-09-18 14:40:59,-148.0
2022-09-18 14:41:22,-284.0
2022-09-18 14:41:45,-590.0
2022-09-18 14:42:08,-394.0
2022-09-18 14:42:29,-119.0
2022-09-18 14:42:53,-100.0
2022-09-18 14:43:08,-275.0
2022-09-18 14:43:31,-37.0
2022-09-18 14:43:55,-93.0
2022-09-18 14:44:19,-207.0
2022-09-18 14:44:35,-290.0
2022-09-18 14:44:58,-668.0
2022-09-18 14:45:20,-290.0
2022-09-18 14:45:39,-101.0
2022-09-18 14:45:59,-162.0
2022-09-18 14:46:22,-198.0
2022-09-18 14:46:45,-421.0
2022-09-18 14:47:07,-465.0
2022-09-18 14:47:29,-479.0
2022-09-18 14:47:52,19.0
2022-09-18 14:48:14,-399.0
2022-09-18 14:48:30,-539.0
2022-09-18 14:48:54,-278.0
2022-09-18 14:49:15,-470.0
2022-09-18 14:49:38,-462.0
2022-09-18 14:50:01,-68.0
2022-09-18 14:50:18,11.0
2022-09-18 14:50:40,-371.0
2022-09-18 14:51:03,-783.0
2022-09-18 14:51:25,-576.0
2022-09-18 14:51:42,-106.0
2022-09-18 14:52:05,-45.0
2022-09-18 14:52:30,-357.0
2022-09-18 14:53:13,-276.0
2022-09-18 14:53:33,-1015.0
2022-09-18 14:53:51,-277.0
2022-09-18 14:54:18,6.0
2022-09-18 14:54:40,-52.0
2022-09-18 14:54:52,-106.0
2022-09-18 14:55:21,-269.0
2022-09-18 14:55:39,-255.0
2022-09-18 14:56:04,17.0
2022-09-18 14:56:28,-17.0
2022-09-18 14:56:43,-109.0
2022-09-18 14:57:07,-103.0
2022-09-18 14:57:29,-1.0
2022-09-18 14:57:46,-129.0
2022-09-18 14:58:11,-279.0
2022-09-18 14:58:35,-226.0
2022-09-18 14:58:51,-262.0
2022-09-18 14:59:17,-176.0
2022-09-18 14:59:35,-172.0
2022-09-18 14:59:53,-193.0
2022-09-18 15:00:24,-205.0
2022-09-18 15:00:42,-155.0
2022-09-18 15:01:05,-88.0
2022-09-18 15:01:26,-99.0
2022-09-18 15:01:49,-35.0
2022-09-18 15:02:11,-2.0
2022-09-18 15:02:25,-28.0
2022-09-18 15:02:48,-8.0
2022-09-18 15:03:10,-334.0
2022-09-18 15:03:31,-6.0
2022-09-18 15:03:55,-341.0
2022-09-18 15:04:19,-304.0
2022-09-18 15:04:35,-325.0
2022-09-18 15:05:00,2.0
2022-09-18 15:05:24,-485.0
2022-09-18 15:05:39,-247.0
2022-09-18 15:06:02,-257.0
2022-09-18 15:06:27,-227.0
2022-09-18 15:06:42,-40.0
2022-09-18 15:07:06,-117.0
2022-09-18 15:07:30,-951.0
2022-09-18 15:07:47,-407.0
2022-09-18 15:08:14,-140.0
2022-09-18 15:08:32,-64.0
2022-09-18 15:08:46,-48.0
2022-09-18 15:09:11,-403.0
2022-09-18 15:09:32,-357.0
2022-09-18 15:09:59,-157.0
2022-09-18 15:10:23,-487.0
2022-09-18 15:10:40,-540.0
2022-09-18 15:11:03,-241.0
2022-09-18 15:11:26,-189.0
2022-09-18 15:11:43,-44.0
2022-09-18 15:12:09,-69.0
2022-09-18 15:12:27,-81.0
2022-09-18 15:12:46,-74.0
2022-09-18 15:13:12,-92.0
2022-09-18 15:13:32,-95.0
2022-09-18 15:13:50,-385.0
2022-09-18 15:14:09,-159.0
2022-09-18 15:14:34,-7.0
2022-09-18 15:14:51,-476.0
2022-09-18 15:15:17,-167.0
2022-09-18 15:15:25,-316.0
2022-09-18 15:17:28,-463.0
2022-09-18 15:17:51,-345.0
2022-09-18 15:18:07,-354.0
2022-09-18 15:18:30,-233.0
2022-09-18 15:18:52,-307.0
2022-09-18 15:19:15,-334.0
2022-09-18 15:19:31,-294.0
2022-09-18 15:19:54,-175.0
2022-09-18 15:20:15,-418.0
2022-09-18 15:20:38,-228.0
2022-09-18 15:21:01,-182.0
2022-09-18 15:21:23,-433.0
2022-09-18 15:21:44,-267.0
2022-09-18 15:22:06,-331.0
2022-09-18 15:22:28,-605.0
2022-09-18 15:22:49,-591.0
2022-09-18 15:23:11,-597.0
2022-09-18 15:23:32,-592.0
2022-09-18 15:23:55,-608.0
2022-09-18 15:24:10,-128.0
2022-09-18 15:24:31,-88.0
2022-09-18 15:24:54,-401.0
2022-09-18 15:25:16,-384.0
2022-09-18 15:25:39,-365.0
2022-09-18 15:26:01,-647.0
2022-09-18 15:26:24,-340.0
2022-09-18 15:26:48,-322.0
2022-09-18 15:27:03,-384.0
2022-09-18 15:27:26,53.0
2022-09-18 15:27:49,67.0
2022-09-18 15:28:11,-741.0
2022-09-18 15:28:33,-520.0
2022-09-18 15:28:45,100.0
2022-09-18 15:28:58,-401.0
2022-09-18 15:40:40,-213.0
2022-09-18 15:41:01,-236.0
2022-09-18 15:41:23,-238.0
2022-09-18 15:41:46,-222.0
2022-09-18 15:42:08,-229.0
2022-09-18 15:42:30,-261.0
2022-09-18 15:42:52,-253.0
2022-09-18 15:43:14,-186.0
2022-09-18 15:43:36,-184.0
2022-09-18 15:43:57,-155.0
2022-09-18 15:44:19,-155.0
2022-09-18 15:44:41,-130.0
2022-09-18 15:44:56,-142.0
2022-09-18 15:45:18,-139.0
2022-09-18 15:45:39,-144.0
2022-09-18 15:46:01,-150.0
2022-09-18 15:46:25,-415.0
2022-09-18 15:46:46,-371.0
2022-09-18 15:47:08,-953.0
2022-09-18 15:47:29,-997.0
2022-09-18 15:47:52,-130.0
2022-09-18 15:48:13,-799.0
2022-09-18 15:48:36,-80.0
2022-09-18 15:48:52,-75.0
2022-09-18 15:49:10,84.0
2022-09-18 15:49:38,81.0
2022-09-18 15:49:54,-1000.0
2022-09-18 15:50:18,-1.0
2022-09-18 15:50:32,-174.0
2022-09-18 15:51:27,-1066.0
2022-09-18 15:51:43,-164.0
2022-09-18 15:52:07,-163.0
2022-09-18 15:52:30,-839.0
2022-09-18 15:52:47,-98.0
2022-09-18 15:53:11,14.0
2022-09-18 15:53:28,-11.0
2022-09-18 15:53:54,-1050.0
2022-09-18 15:54:18,-158.0
2022-09-18 15:54:34,-341.0
2022-09-18 15:54:57,-135.0
2022-09-18 15:55:22,-550.0
2022-09-18 15:55:40,-407.0
2022-09-18 15:56:05,-512.0
2022-09-18 15:56:19,-720.0
2022-09-18 15:56:46,-716.0
2022-09-18 15:57:03,-495.0
2022-09-18 15:57:29,-619.0
2022-09-18 15:57:51,-362.0
2022-09-18 15:58:12,15.0
2022-09-18 15:58:34,123.0
2022-09-18 15:58:49,288.0
2022-09-18 15:59:11,154.0
2022-09-18 15:59:33,146.0
2022-09-18 15:59:55,-585.0
2022-09-18 16:00:18,-462.0
2022-09-18 16:00:40,-471.0
2022-09-18 16:01:02,-564.0
2022-09-18 16:01:23,-494.0
2022-09-18 16:01:45,-473.0
2022-09-18 16:02:07,-317.0
2022-09-18 16:02:29,-371.0
2022-09-18 16:02:52,-68.0
2022-09-18 16:03:08,-216.0
2022-09-18 16:03:31,-262.0
2022-09-18 16:03:54,-136.0
2022-09-18 16:04:16,-460.0
2022-09-18 16:04:38,-117.0
2022-09-18 16:04:54,-288.0
2022-09-18 16:05:16,-368.0
2022-09-18 16:05:39,-283.0
2022-09-18 16:06:02,-347.0
2022-09-18 16:06:24,-116.0
2022-09-18 16:06:42,-15.0
2022-09-18 16:07:04,-125.0
2022-09-18 16:07:23,-213.0
2022-09-18 16:07:47,-63.0
2022-09-18 16:08:11,-135.0
2022-09-18 16:08:28,43.0
2022-09-18 16:08:55,-33.0
2022-09-18 16:09:13,18.0
2022-09-18 16:09:31,-12.0
2022-09-18 16:09:53,85.0
2022-09-18 16:10:15,94.0
2022-09-18 16:10:37,156.0
2022-09-18 16:10:59,25.0
2022-09-18 16:11:21,-71.0
2022-09-18 16:11:43,-28.0
2022-09-18 16:12:05,68.0
2022-09-18 16:12:27,-55.0
2022-09-18 16:12:51,42.0
2022-09-18 16:13:06,-5.0
2022-09-18 16:13:29,121.0
2022-09-18 16:13:51,171.0
2022-09-18 16:14:12,222.0
2022-09-18 16:14:35,-57.0
2022-09-18 16:14:57,-28.0
2022-09-18 16:15:19,-201.0
2022-09-18 16:15:40,-85.0
2022-09-18 16:16:03,-70.0
2022-09-18 16:16:19,-34.0
2022-09-18 16:16:36,-63.0
2022-09-18 16:17:02,27.0
2022-09-18 16:17:23,181.0
2022-09-18 16:17:48,-493.0
2022-09-18 16:18:05,-480.0
2022-09-18 16:18:29,-410.0
2022-09-18 16:18:54,-145.0
2022-09-18 16:19:12,-842.0
2022-09-18 16:19:30,-358.0
2022-09-18 16:21:17,-694.0
2022-09-18 16:21:41,79.0
2022-09-18 16:22:05,-682.0
2022-09-18 16:22:21,-960.0
2022-09-18 16:22:45,53.0
2022-09-18 16:23:08,-93.0
2022-09-18 16:23:24,-227.0
2022-09-18 16:23:50,-171.0
2022-09-18 16:24:13,-32.0
2022-09-18 16:24:30,-282.0
2022-09-18 16:24:58,-1066.0
2022-09-18 16:25:18,-682.0
2022-09-18 16:25:38,-676.0
2022-09-18 16:25:58,-641.0
2022-09-18 16:26:22,-638.0
2022-09-18 16:26:42,-685.0
2022-09-18 16:27:06,-610.0
2022-09-18 16:27:26,-679.0
2022-09-18 16:27:48,-608.0
2022-09-18 16:28:08,-512.0
2022-09-18 16:28:29,-594.0
2022-09-18 16:28:53,-613.0
2022-09-18 16:29:12,-559.0
2022-09-18 16:29:32,-621.0
2022-09-18 16:29:55,-595.0
2022-09-18 16:30:15,-629.0
2022-09-18 16:30:40,-610.0
2022-09-18 16:31:00,-576.0
2022-09-18 16:31:19,-569.0
2022-09-18 16:31:43,-557.0
2022-09-18 16:32:03,-592.0
2022-09-18 16:32:23,-599.0
2022-09-18 16:32:48,-592.0
2022-09-18 16:33:07,-582.0
2022-09-18 16:33:27,-626.0
2022-09-18 16:33:48,-787.0
2022-09-18 16:34:09,-566.0
2022-09-18 16:34:35,-228.0
2022-09-18 16:34:55,-211.0
2022-09-18 16:35:14,-507.0
2022-09-18 16:35:29,-144.0
2022-09-18 16:43:06,-660.0
2022-09-18 16:43:27,-615.0
2022-09-18 16:43:47,-688.0
2022-09-18 16:44:08,-616.0
2022-09-18 16:44:33,-657.0
2022-09-18 16:44:53,-652.0
2022-09-18 16:45:16,-529.0
2022-09-18 16:45:37,-544.0
2022-09-18 16:45:59,-537.0
2022-09-18 16:46:40,-322.0
2022-09-18 16:47:02,79.0
2022-09-18 16:47:25,-729.0
2022-09-18 16:47:36,-37.0
2022-09-18 16:48:27,-393.0
2022-09-18 16:48:49,-467.0
2022-09-18 16:49:09,-421.0
2022-09-18 16:49:31,-269.0
2022-09-18 16:49:52,-146.0
2022-09-18 16:50:14,-238.0
2022-09-18 16:50:39,-1108.0
2022-09-18 16:51:01,-718.0
2022-09-18 16:51:18,-772.0
2022-09-18 16:51:39,-780.0
2022-09-18 16:52:04,-765.0
2022-09-18 16:52:26,-791.0
2022-09-18 16:52:46,-770.0
2022-09-18 16:53:05,-779.0
2022-09-18 16:53:28,-787.0
2022-09-18 16:53:48,-831.0
2022-09-18 16:54:09,-821.0
2022-09-18 16:54:34,-801.0
2022-09-18 16:54:56,-797.0
2022-09-18 16:55:17,-784.0
2022-09-18 16:55:38,-787.0
2022-09-18 16:55:59,-795.0
2022-09-18 16:56:18,-770.0
2022-09-18 16:56:43,-808.0
2022-09-18 16:57:01,-778.0
2022-09-18 16:57:26,-821.0
2022-09-18 16:57:46,-826.0
2022-09-18 16:58:09,-718.0
2022-09-18 16:58:29,-698.0
2022-09-18 16:58:51,135.0
2022-09-18 16:59:11,-272.0
2022-09-18 16:59:30,-207.0
2022-09-18 16:59:55,-287.0
2022-09-18 17:00:17,-453.0
2022-09-18 17:00:34,-610.0
2022-09-18 17:00:54,-658.0
2022-09-18 17:01:13,-634.0
2022-09-18 17:01:42,-1024.0
2022-09-18 17:02:01,-594.0
2022-09-18 17:02:24,-555.0
2022-09-18 17:02:43,-543.0
2022-09-18 17:03:05,-508.0
2022-09-18 17:03:26,-485.0
2022-09-18 17:03:48,-499.0
2022-09-18 17:04:11,-510.0
2022-09-18 17:04:30,-495.0
2022-09-18 17:04:52,-517.0
2022-09-18 17:05:14,-487.0
2022-09-18 17:05:36,-600.0
2022-09-18 17:06:00,-473.0
2022-09-18 17:06:23,-457.0
2022-09-18 17:06:43,-473.0
2022-09-18 17:07:05,-475.0
2022-09-18 17:07:26,-434.0
2022-09-18 17:07:47,-464.0
2022-09-18 17:08:08,-406.0
2022-09-18 17:08:33,-561.0
2022-09-18 17:08:55,-506.0
2022-09-18 17:09:12,-468.0
2022-09-18 17:09:35,-515.0
2022-09-18 17:09:57,-541.0
2022-09-18 17:10:18,-469.0
2022-09-18 17:10:41,-556.0
2022-09-18 17:11:02,-512.0
2022-09-18 17:11:23,-482.0
2022-09-18 17:11:46,-841.0
2022-09-18 17:12:07,-498.0
2022-09-18 17:12:28,-513.0
2022-09-18 17:12:49,-498.0
2022-09-18 17:13:12,-490.0
2022-09-18 17:13:32,-566.0
2022-09-18 17:13:54,-542.0
2022-09-18 17:14:15,-487.0
2022-09-18 17:14:36,-543.0
2022-09-18 17:14:58,-473.0
2022-09-18 17:15:20,-543.0
2022-09-18 17:15:41,-492.0
2022-09-18 17:16:04,-504.0
2022-09-18 17:16:27,-536.0
2022-09-18 17:16:48,-562.0
2022-09-18 17:17:11,-539.0
2022-09-18 17:17:32,-564.0
2022-09-18 17:17:53,-624.0
2022-09-18 17:18:11,-637.0
2022-09-18 17:18:34,-642.0
2022-09-18 17:18:49,-600.0
2022-09-18 17:19:18,-630.0
2022-09-18 17:19:33,-662.0
2022-09-18 17:19:55,-664.0
2022-09-18 17:20:17,-344.0
2022-09-18 17:20:38,23.0
2022-09-18 17:20:54,-748.0
2022-09-18 17:21:25,-468.0
2022-09-18 17:21:50,-120.0
2022-09-18 17:22:08,-399.0
2022-09-18 17:22:32,-305.0
2022-09-18 17:22:49,-743.0
2022-09-18 17:23:08,-727.0
2022-09-18 17:23:20,-728.0
2022-09-18 17:23:57,-723.0
2022-09-18 17:24:22,-731.0
2022-09-18 17:24:38,-723.0
2022-09-18 17:24:55,-739.0
2022-09-18 17:25:25,-706.0
2022-09-18 17:25:44,-735.0
2022-09-18 17:26:07,-643.0
2022-09-18 17:26:30,-591.0
2022-09-18 17:27:34,89.0
2022-09-18 17:29:02,-174.0
2022-09-18 17:29:19,-142.0
2022-09-18 17:29:45,-126.0
2022-09-18 17:30:07,21.0
2022-09-18 17:30:30,-567.0
2022-09-18 17:30:48,137.0
2022-09-18 17:31:10,53.0
2022-09-18 17:31:24,-742.0
2022-09-18 17:31:42,8.0
2022-09-18 17:32:09,4.0
2022-09-18 17:33:20,-202.0
2022-09-18 17:33:32,-250.0
2022-09-18 17:33:48,68.0
2022-09-18 17:34:14,-863.0
2022-09-18 17:34:45,-77.0
2022-09-18 17:35:31,-659.0
2022-09-18 17:35:42,-640.0
2022-09-18 17:36:02,-291.0
2022-09-18 17:36:31,-159.0
2022-09-18 17:36:43,-473.0
2022-09-18 17:37:01,-246.0
2022-09-18 17:37:37,-565.0
2022-09-18 17:37:56,-666.0
2022-09-18 17:38:22,-696.0
2022-09-18 17:38:37,-630.0
2022-09-18 17:39:00,-613.0
2022-09-18 17:39:28,-673.0
2022-09-18 17:39:41,-652.0
2022-09-18 17:40:08,-664.0
2022-09-18 17:40:30,-399.0
2022-09-18 17:40:44,-368.0
2022-09-18 17:41:11,-696.0
2022-09-18 17:41:29,-694.0
2022-09-18 17:41:55,-712.0
2022-09-18 17:42:11,-694.0
2022-09-18 17:42:41,-1035.0
2022-09-18 17:42:53,-720.0
2022-09-18 17:43:21,-612.0
2022-09-18 17:43:37,-697.0
2022-09-18 17:44:07,-675.0
2022-09-18 17:44:46,-655.0
2022-09-18 17:45:13,-652.0
2022-09-18 17:45:24,-665.0
2022-09-18 17:45:53,-532.0
2022-09-18 17:46:16,-848.0
2022-09-18 17:46:32,-461.0
2022-09-18 17:46:47,-586.0
2022-09-18 17:47:22,-568.0
2022-09-18 17:47:40,-516.0
2022-09-18 17:48:02,-576.0
2022-09-18 17:48:18,-523.0
2022-09-18 17:48:35,-512.0
2022-09-18 17:49:04,-525.0
2022-09-18 17:49:25,-526.0
2022-09-18 17:49:46,-495.0
2022-09-18 17:50:13,-539.0
2022-09-18 17:50:34,-528.0
2022-09-18 17:50:50,-551.0
2022-09-18 17:51:13,-508.0
2022-09-18 17:51:37,-653.0
2022-09-18 17:51:53,-587.0
2022-09-18 17:52:19,-598.0
2022-09-18 17:52:42,-573.0
2022-09-18 17:53:00,-593.0
2022-09-18 17:53:22,-523.0
2022-09-18 17:53:41,-564.0
2022-09-18 17:54:07,-295.0
2022-09-18 17:54:25,-659.0
2022-09-18 17:54:49,-660.0
2022-09-18 17:55:11,-500.0
2022-09-18 17:55:31,-277.0
2022-09-18 17:55:52,41.0
2022-09-18 17:56:13,79.0
2022-09-18 17:56:34,38.0
2022-09-18 17:56:59,-202.0
2022-09-18 17:57:16,-209.0
2022-09-18 17:57:45,80.0
2022-09-18 17:58:01,80.0
2022-09-18 17:58:22,-822.0
2022-09-18 17:58:45,-812.0
2022-09-18 17:59:11,-822.0
2022-09-18 17:59:27,-843.0
2022-09-18 17:59:50,-778.0
2022-09-18 18:00:13,-796.0
2022-09-18 18:00:36,-814.0
2022-09-18 18:00:55,-813.0
2022-09-18 18:01:18,-451.0
2022-09-18 18:01:37,-1054.0
2022-09-18 18:02:02,-95.0
2022-09-18 18:02:25,-1002.0
2022-09-18 18:02:45,-107.0
2022-09-18 18:03:06,-117.0
2022-09-18 18:03:26,-111.0
2022-09-18 18:03:47,-140.0
2022-09-18 18:04:09,-1065.0
2022-09-18 18:04:32,-262.0
2022-09-18 18:04:48,-427.0
2022-09-18 18:05:17,54.0
2022-09-18 18:05:34,-160.0
2022-09-18 18:05:54,-931.0
2022-09-18 18:06:21,-783.0
2022-09-18 18:06:43,-71.0
2022-09-18 18:07:04,-221.0
2022-09-18 18:07:15,-903.0
2022-09-18 18:07:47,-986.0
2022-09-18 18:08:03,-60.0
2022-09-18 18:08:16,-353.0
2022-09-18 18:08:51,-181.0
2022-09-18 18:09:09,-756.0
2022-09-18 18:09:31,-775.0
2022-09-18 18:09:53,-654.0
2022-09-18 18:10:15,-408.0
2022-09-18 18:10:37,-303.0
2022-09-18 18:11:00,-341.0
2022-09-18 18:11:19,-343.0
2022-09-18 18:11:44,-591.0
2022-09-18 18:12:04,-494.0
2022-09-18 18:12:24,-258.0
2022-09-18 18:12:46,-891.0
2022-09-18 18:13:07,-989.0
2022-09-18 18:13:28,-1055.0
2022-09-18 18:13:33,-965.0
2022-09-18 18:15:02,-518.0
2022-09-18 18:20:38,-906.0
2022-09-18 18:20:59,-937.0
2022-09-18 18:21:20,-902.0
2022-09-18 18:21:45,-895.0
2022-09-18 18:22:06,-975.0
2022-09-18 18:22:23,-933.0
2022-09-18 18:22:44,-847.0
2022-09-18 18:23:05,-891.0
2022-09-18 18:23:30,-923.0
2022-09-18 18:23:52,-809.0
2022-09-18 18:24:13,-950.0
2022-09-18 18:24:32,-886.0
2022-09-18 18:24:38,-846.0
2022-09-18 18:25:59,-512.0
2022-09-18 18:26:19,-453.0
2022-09-18 18:26:41,-390.0
2022-09-18 18:27:04,-700.0
2022-09-18 18:27:27,-626.0
2022-09-18 18:27:44,-672.0
2022-09-18 18:28:09,-664.0
2022-09-18 18:28:31,-627.0
2022-09-18 18:28:53,-25.0
2022-09-18 18:29:15,-1050.0
2022-09-18 18:29:37,-1097.0
2022-09-18 18:29:56,-792.0
2022-09-18 18:30:19,-152.0
2022-09-18 18:30:42,-1018.0
2022-09-18 18:31:03,-1004.0
2022-09-18 18:31:23,-981.0
2022-09-18 18:31:45,-989.0
2022-09-18 18:32:06,-61.0
2022-09-18 18:32:29,-546.0
2022-09-18 18:32:50,-34.0
2022-09-18 18:33:03,-29.0
2022-09-18 18:33:22,-21.0
2022-09-18 18:33:46,-139.0
2022-09-18 18:34:06,-155.0
2022-09-18 18:34:29,-108.0
2022-09-18 18:35:03,-94.0
2022-09-18 18:35:24,-3.0
2022-09-18 18:35:42,-53.0
2022-09-18 18:40:42,-56.0
2022-09-18 18:41:03,-29.0
2022-09-18 18:41:26,0.0
2022-09-18 18:41:48,-167.0
2022-09-18 18:42:11,-79.0
2022-09-18 18:42:32,-43.0
2022-09-18 18:42:55,-61.0
2022-09-18 18:43:16,-60.0
2022-09-18 18:43:38,119.0
2022-09-18 18:43:59,98.0
2022-09-18 18:44:20,98.0
2022-09-18 18:44:37,-227.0
2022-09-18 18:45:02,-613.0
2022-09-18 18:45:23,-526.0
2022-09-18 18:45:43,-554.0
2022-09-18 18:46:06,-1079.0
2022-09-18 18:46:27,-639.0
2022-09-18 18:46:52,-310.0
2022-09-18 18:47:13,-372.0
2022-09-18 18:47:33,-663.0
2022-09-18 18:47:53,-532.0
2022-09-18 18:48:16,-522.0
2022-09-18 18:48:39,-515.0
2022-09-18 18:49:00,-501.0
2022-09-18 18:49:19,-532.0
2022-09-18 18:49:43,-470.0
2022-09-18 18:50:02,-490.0
2022-09-18 18:50:21,-462.0
2022-09-18 18:50:47,-501.0
2022-09-18 18:51:07,-499.0
2022-09-18 18:51:27,-520.0
2022-09-18 18:51:50,-478.0
2022-09-18 18:52:08,-510.0
2022-09-18 18:52:33,-475.0
2022-09-18 18:52:56,-484.0
2022-09-18 18:53:16,-474.0
2022-09-18 18:53:39,-497.0
2022-09-18 18:53:58,-457.0
2022-09-18 18:54:22,-480.0
2022-09-18 18:54:41,-406.0
2022-09-18 18:55:01,-426.0
2022-09-18 18:55:26,-403.0
2022-09-18 18:55:45,-405.0
2022-09-18 18:56:06,-597.0
2022-09-18 18:56:30,-775.0
2022-09-18 18:56:50,-658.0
2022-09-18 18:57:13,-520.0
2022-09-18 18:57:34,-511.0
2022-09-18 18:57:52,-431.0
2022-09-18 18:58:16,-707.0
2022-09-18 18:58:36,-713.0
2022-09-18 18:59:01,-678.0
2022-09-18 18:59:22,-693.0
2022-09-18 18:59:42,-693.0
2022-09-18 19:00:02,-651.0
2022-09-18 19:00:25,-681.0
2022-09-18 19:00:47,-676.0
2022-09-18 19:01:06,-705.0
2022-09-18 19:01:27,-508.0
2022-09-18 19:01:52,-665.0
2022-09-18 19:02:08,-761.0
2022-09-18 19:02:35,-743.0
2022-09-18 19:02:56,-746.0
2022-09-18 19:03:15,-727.0
2022-09-18 19:03:39,-732.0
2022-09-18 19:03:58,-732.0
2022-09-18 19:04:18,-737.0
2022-09-18 19:04:41,-754.0
2022-09-18 19:05:01,-740.0
2022-09-18 19:05:26,-710.0
2022-09-18 19:05:46,-974.0
2022-09-18 19:06:06,-669.0
2022-09-18 19:06:26,-711.0
2022-09-18 19:06:47,-710.0
2022-09-18 19:07:08,-674.0
2022-09-18 19:07:31,-703.0
2022-09-18 19:07:56,-684.0
2022-09-18 19:08:11,-688.0
2022-09-18 19:08:37,-668.0
2022-09-18 19:08:59,-784.0
2022-09-18 19:09:19,-782.0
2022-09-18 19:09:39,-776.0
2022-09-18 19:10:05,-745.0
2022-09-18 19:10:27,-754.0
2022-09-18 19:10:47,-737.0
2022-09-18 19:11:07,-760.0
2022-09-18 19:11:30,-762.0
2022-09-18 19:11:51,-745.0
2022-09-18 19:12:12,-760.0
2022-09-18 19:12:36,-760.0
2022-09-18 19:12:56,-744.0
2022-09-18 19:13:15,-735.0
2022-09-18 19:13:40,-754.0
2022-09-18 19:14:01,-724.0
2022-09-18 19:14:21,-724.0
2022-09-18 19:14:46,-763.0
2022-09-18 19:15:05,-704.0
2022-09-18 19:15:25,-565.0
2022-09-18 19:15:48,-530.0
2022-09-18 19:16:13,-668.0
2022-09-18 19:16:33,-632.0
2022-09-18 19:16:54,-944.0
2022-09-18 19:17:14,-702.0
2022-09-18 19:17:35,-688.0
2022-09-18 19:17:57,-673.0
2022-09-18 19:18:22,-659.0
2022-09-18 19:18:43,-895.0
2022-09-18 19:19:02,-840.0
2022-09-18 19:19:24,-765.0
2022-09-18 19:19:48,-651.0
2022-09-18 19:20:09,-651.0
2022-09-18 19:20:30,-642.0
2022-09-18 19:20:54,-622.0
2022-09-18 19:21:15,-601.0
2022-09-18 19:21:36,-604.0
2022-09-18 19:21:57,-671.0
2022-09-18 19:22:19,-628.0
2022-09-18 19:22:38,-620.0
2022-09-18 19:23:00,-603.0
2022-09-18 19:23:25,-504.0
2022-09-18 19:23:45,-517.0
2022-09-18 19:24:06,-525.0
2022-09-18 19:24:31,-396.0
2022-09-18 19:24:51,-614.0
2022-09-18 19:25:13,-516.0
2022-09-18 19:25:34,-418.0
2022-09-18 19:25:55,-476.0
2022-09-18 19:26:14,-489.0
2022-09-18 19:26:40,-495.0
2022-09-18 19:27:01,-666.0
2022-09-18 19:27:21,-527.0
2022-09-18 19:27:43,-528.0
2022-09-18 19:28:03,-535.0
2022-09-18 19:28:24,-586.0
2022-09-18 19:28:45,-536.0
2022-09-18 19:29:11,-762.0
2022-09-18 19:29:31,-790.0
2022-09-18 19:29:52,-769.0
2022-09-18 19:30:11,-766.0
2022-09-18 19:30:34,-739.0
2022-09-18 19:30:56,-780.0
2022-09-18 19:31:14,-696.0
2022-09-18 19:31:40,-747.0
2022-09-18 19:32:02,-755.0
2022-09-18 19:32:22,-772.0
2022-09-18 19:32:43,-711.0
2022-09-18 19:33:04,-734.0
2022-09-18 19:33:25,-986.0
2022-09-18 19:33:48,-614.0
2022-09-18 19:34:08,-941.0
2022-09-18 19:34:29,92.0
2022-09-18 19:34:52,50.0
2022-09-18 19:35:13,-677.0
2022-09-18 19:35:35,-672.0
2022-09-18 19:36:00,-705.0
2022-09-18 19:36:20,-681.0
2022-09-18 19:36:40,-678.0
2022-09-18 19:37:00,-695.0
2022-09-18 19:37:26,-674.0
2022-09-18 19:37:45,-694.0
2022-09-18 19:38:05,-678.0
2022-09-18 19:38:29,-664.0
2022-09-18 19:38:50,-681.0
2022-09-18 19:39:10,-663.0
2022-09-18 19:39:34,-648.0
2022-09-18 19:39:54,-663.0
2022-09-18 19:40:13,-664.0
2022-09-18 19:40:40,-688.0
2022-09-18 19:41:02,-781.0
2022-09-18 19:41:22,-710.0
2022-09-18 19:41:41,-680.0
2022-09-18 19:42:07,-670.0
2022-09-18 19:42:27,-658.0
2022-09-18 19:42:47,-723.0
2022-09-18 19:43:08,-694.0
2022-09-18 19:43:29,-657.0
2022-09-18 19:43:55,-711.0
2022-09-18 19:44:15,-652.0
2022-09-18 19:44:38,-613.0
2022-09-18 19:44:58,-679.0
2022-09-18 19:45:20,-593.0
2022-09-18 19:45:41,-651.0
2022-09-18 19:46:03,-646.0
2022-09-18 19:46:22,-626.0
2022-09-18 19:46:47,-669.0
2022-09-18 19:47:08,-698.0
2022-09-18 19:47:29,-672.0
2022-09-18 19:47:52,-666.0
2022-09-18 19:48:12,-629.0
2022-09-18 19:48:32,-643.0
2022-09-18 19:48:52,-635.0
2022-09-18 19:49:17,-805.0
2022-09-18 19:49:37,-708.0
2022-09-18 19:49:57,-672.0
2022-09-18 19:50:22,-709.0
2022-09-18 19:50:43,-667.0
2022-09-18 19:51:04,-1120.0
2022-09-18 19:51:25,-662.0
2022-09-18 19:51:46,-618.0
2022-09-18 19:52:06,-596.0
2022-09-18 19:52:28,-138.0
2022-09-18 19:52:50,-177.0
2022-09-18 19:53:06,-884.0
2022-09-18 19:53:54,-330.0
2022-09-18 19:54:16,-381.0
2022-09-18 19:54:38,-381.0
2022-09-18 19:55:01,-660.0
2022-09-18 19:55:21,78.0
2022-09-18 19:55:43,-550.0
2022-09-18 19:56:07,-767.0
2022-09-18 19:57:48,-423.0
2022-09-18 19:58:14,-400.0
2022-09-18 19:58:37,-372.0
2022-09-18 19:59:02,-473.0
2022-09-18 19:59:18,-423.0
2022-09-18 19:59:44,-430.0
2022-09-18 20:00:06,-495.0
2022-09-18 20:00:29,-621.0
2022-09-18 20:00:44,-623.0
2022-09-18 20:01:07,-619.0
2022-09-18 20:01:29,-524.0
2022-09-18 20:01:53,-642.0
2022-09-18 20:02:16,-367.0
2022-09-18 20:02:32,-288.0
2022-09-18 20:02:55,-242.0
2022-09-18 20:03:18,-298.0
2022-09-18 20:03:42,-304.0
2022-09-18 20:04:05,-419.0
2022-09-18 20:04:20,-207.0
2022-09-18 20:04:45,-473.0
2022-09-18 20:05:03,-540.0
2022-09-18 20:05:28,-537.0
2022-09-18 20:05:47,-492.0
2022-09-18 20:06:11,-390.0
2022-09-18 20:06:35,-413.0
2022-09-18 20:06:51,-467.0
2022-09-18 20:07:17,-308.0
2022-09-18 20:07:41,-210.0
2022-09-18 20:07:57,-369.0
2022-09-18 20:08:20,-555.0
2022-09-18 20:08:43,-406.0
2022-09-18 20:09:05,-378.0
2022-09-18 20:09:29,-334.0
2022-09-18 20:09:45,-328.0
2022-09-18 20:10:08,-388.0
2022-09-18 20:10:25,-352.0
2022-09-18 20:10:54,-164.0
2022-09-18 20:11:10,-137.0
2022-09-18 20:11:34,-182.0
2022-09-18 20:11:57,-135.0
2022-09-18 20:12:20,-157.0
2022-09-18 20:12:41,-31.0
2022-09-18 20:13:04,-130.0
2022-09-18 20:13:19,140.0
2022-09-18 20:13:42,-105.0
2022-09-18 20:14:04,207.0
2022-09-18 20:14:26,234.0
2022-09-18 20:14:48,245.0
2022-09-18 20:15:11,29.0
2022-09-18 20:15:36,91.0
2022-09-18 20:15:53,-68.0
2022-09-18 20:16:18,-95.0
2022-09-18 20:16:36,-35.0
2022-09-18 20:17:00,13.0
2022-09-18 20:17:24,41.0
2022-09-18 20:17:41,-40.0
2022-09-18 20:18:05,101.0
2022-09-18 20:18:29,-30.0
2022-09-18 20:18:46,-769.0
2022-09-18 20:19:10,-85.0
2022-09-18 20:19:35,-23.0
2022-09-18 20:19:52,-33.0
2022-09-18 20:20:19,-82.0
2022-09-18 20:20:35,-54.0
2022-09-18 20:21:00,105.0
2022-09-18 20:21:24,96.0
2022-09-18 20:21:41,146.0
2022-09-18 20:22:05,211.0
2022-09-18 20:22:30,-59.0
2022-09-18 20:22:47,-72.0
2022-09-18 20:23:12,21.0
2022-09-18 20:23:37,95.0
2022-09-18 20:23:53,150.0
2022-09-18 20:24:16,33.0
2022-09-18 20:24:40,72.0
2022-09-18 20:25:03,-77.0
2022-09-18 20:25:19,-90.0
2022-09-18 20:25:43,53.0
2022-09-18 20:26:07,350.0
2022-09-18 20:26:23,280.0
2022-09-18 20:26:46,-436.0
2022-09-18 20:27:09,-391.0
2022-09-18 20:27:33,-512.0
2022-09-18 20:27:56,-524.0
2022-09-18 20:28:13,-501.0
2022-09-18 20:28:38,-509.0
2022-09-18 20:29:02,-538.0
2022-09-18 20:29:18,-531.0
2022-09-18 20:29:43,-553.0
2022-09-18 20:30:05,-656.0
2022-09-18 20:30:29,-777.0
2022-09-18 20:30:45,-470.0
2022-09-18 20:31:09,-625.0
2022-09-18 20:31:34,-602.0
2022-09-18 20:31:49,-442.0
2022-09-18 20:32:13,-500.0
2022-09-18 20:32:37,-443.0
2022-09-18 20:32:59,-527.0
2022-09-18 20:33:15,-552.0
2022-09-18 20:33:38,-515.0
2022-09-18 20:34:02,-520.0
2022-09-18 20:34:26,-525.0
2022-09-18 20:34:48,-476.0
2022-09-18 20:35:03,-550.0
2022-09-18 20:35:27,-559.0
2022-09-18 20:35:49,-449.0
2022-09-18 20:36:13,-293.0
2022-09-18 20:36:30,-584.0
2022-09-18 20:36:54,-487.0
2022-09-18 20:37:17,-517.0
2022-09-18 20:37:41,-658.0
2022-09-18 20:37:57,-207.0
2022-09-18 20:38:21,-30.0
2022-09-18 20:38:45,57.0
2022-09-18 20:39:08,-301.0
2022-09-18 20:39:24,-401.0
2022-09-18 20:39:48,-584.0
2022-09-18 20:40:11,-529.0
2022-09-18 20:40:34,-518.0
2022-09-18 20:40:57,-519.0
2022-09-18 20:41:13,-505.0
2022-09-18 20:41:38,-729.0
2022-09-18 20:41:54,-536.0
2022-09-18 20:42:18,-618.0
2022-09-18 20:42:39,-581.0
2022-09-18 20:43:01,-535.0
2022-09-18 20:43:24,-556.0
2022-09-18 20:43:46,-640.0
2022-09-18 20:44:08,-491.0
2022-09-18 20:44:31,-1217.0
2022-09-18 20:44:53,11.0
2022-09-18 20:45:08,-160.0
2022-09-18 20:45:32,-74.0
2022-09-18 20:45:57,-281.0
2022-09-18 20:46:13,-1029.0
2022-09-18 20:46:36,-708.0
2022-09-18 20:47:00,-131.0
2022-09-18 20:47:24,-68.0
2022-09-18 20:47:40,210.0
2022-09-18 20:48:04,222.0
2022-09-18 20:48:28,28.0
2022-09-18 20:48:49,-3.0
2022-09-18 20:49:11,-54.0
2022-09-18 20:49:27,145.0
2022-09-18 20:49:49,7.0
2022-09-18 20:50:11,31.0
2022-09-18 20:50:34,-137.0
2022-09-18 20:50:57,-276.0
2022-09-18 20:51:20,-72.0
2022-09-18 20:51:41,-744.0
2022-09-18 20:52:03,-564.0
2022-09-18 20:52:19,-625.0
2022-09-18 20:52:40,-687.0
2022-09-18 20:53:03,-695.0
2022-09-18 20:53:26,-127.0
2022-09-18 20:53:49,70.0
2022-09-18 20:54:05,256.0
2022-09-18 20:54:28,186.0
2022-09-18 20:54:54,-419.0
2022-09-18 20:55:11,-42.0
2022-09-18 20:55:30,-215.0
2022-09-18 20:55:59,-349.0
2022-09-18 20:56:14,-92.0
2022-09-18 20:56:38,80.0
2022-09-18 20:57:02,177.0
2022-09-18 20:57:23,-224.0
2022-09-18 20:57:38,-410.0
2022-09-18 20:58:03,-665.0
2022-09-18 20:58:27,-411.0
2022-09-18 20:58:45,-594.0
2022-09-18 20:59:12,-633.0
2022-09-18 20:59:29,-599.0
2022-09-18 20:59:46,-553.0
2022-09-18 21:00:11,-304.0
2022-09-18 21:00:35,-506.0
2022-09-18 21:00:51,-229.0
2022-09-18 21:00:59,-603.0
2022-09-18 21:01:56,-607.0
2022-09-18 21:02:23,-776.0
2022-09-18 21:02:41,-897.0
2022-09-18 21:03:04,-24.0
2022-09-18 21:03:27,-62.0
2022-09-18 21:03:48,-144.0
2022-09-18 21:04:10,-733.0
2022-09-18 21:04:32,-543.0
2022-09-18 21:04:48,-114.0
2022-09-18 21:05:11,-59.0
2022-09-18 21:05:35,-94.0
2022-09-18 21:05:59,-259.0
2022-09-18 21:06:14,-209.0
2022-09-18 21:06:40,-336.0
2022-09-18 21:07:04,56.0
2022-09-18 21:07:19,-281.0
2022-09-18 21:07:44,-32.0
2022-09-18 21:08:03,15.0
2022-09-18 21:08:28,69.0
2022-09-18 21:08:52,81.0
2022-09-18 21:09:08,-175.0
2022-09-18 21:09:31,-136.0
2022-09-18 21:09:55,-312.0
2022-09-18 21:10:12,-261.0
2022-09-18 21:10:35,-77.0
2022-09-18 21:12:50,48.0
2022-09-18 21:13:07,-196.0
2022-09-18 21:13:30,-82.0
2022-09-18 21:13:55,-174.0
2022-09-18 21:14:14,13.0
2022-09-18 21:14:39,-155.0
2022-09-18 21:14:55,-271.0
2022-09-18 21:15:21,-173.0
2022-09-18 21:15:46,-316.0
2022-09-18 21:16:01,-371.0
2022-09-18 21:16:25,-85.0
2022-09-18 21:16:49,-365.0
2022-09-18 21:17:06,-54.0
2022-09-18 21:17:30,-479.0
2022-09-18 21:17:56,-534.0
2022-09-18 21:18:12,-564.0
2022-09-18 21:18:36,-126.0
2022-09-18 21:19:01,-117.0
2022-09-18 21:19:16,-123.0
2022-09-18 21:19:42,-83.0
2022-09-18 21:20:05,-84.0
2022-09-18 21:20:28,-64.0
2022-09-18 21:20:43,74.0
2022-09-18 21:21:08,87.0
2022-09-18 21:21:33,57.0
2022-09-18 21:21:48,71.0
2022-09-18 21:22:13,68.0
2022-09-18 21:22:38,62.0
2022-09-18 21:22:57,2.0
2022-09-18 21:23:19,7.0
2022-09-18 21:23:28,-268.0
2022-09-18 22:44:15,-986.0
2022-09-18 22:44:38,-966.0
2022-09-18 22:44:59,-923.0
2022-09-18 22:45:23,-979.0
2022-09-18 22:45:44,-1004.0
2022-09-18 22:46:06,-985.0
2022-09-18 22:46:28,-1030.0
2022-09-18 22:46:50,-847.0
2022-09-18 22:47:12,-864.0
2022-09-18 22:47:34,-867.0
2022-09-18 22:47:56,-873.0
2022-09-18 22:48:17,-846.0
2022-09-18 22:48:39,-856.0
2022-09-18 22:49:01,-757.0
2022-09-18 22:49:24,-1008.0
2022-09-18 22:49:45,-1039.0
2022-09-18 22:50:07,-1024.0
2022-09-18 22:50:29,-1031.0
2022-09-18 22:50:50,-1035.0
2022-09-18 22:51:13,-997.0
2022-09-18 22:51:35,-793.0
2022-09-18 22:51:51,-968.0
2022-09-18 22:52:15,-943.0
2022-09-18 22:52:38,-929.0
2022-09-18 22:53:01,-889.0
2022-09-18 22:53:23,-882.0
2022-09-18 22:53:45,-975.0
2022-09-18 22:54:00,-993.0
2022-09-18 22:54:22,-1002.0
2022-09-18 22:54:45,-792.0
2022-09-18 22:57:21,-545.0
2022-09-18 22:57:37,-672.0
2022-09-18 22:57:58,-645.0
2022-09-18 22:58:21,-863.0
2022-09-18 22:58:43,-880.0
2022-09-18 22:59:07,-860.0
2022-09-18 22:59:29,-750.0
2022-09-18 22:59:52,-773.0
2022-09-18 23:00:14,-866.0
2022-09-18 23:00:36,-912.0
2022-09-18 23:00:58,-893.0
2022-09-18 23:01:13,-988.0
2022-09-18 23:01:35,-834.0
2022-09-18 23:02:03,-1041.0
2022-09-18 23:02:26,-767.0
2022-09-18 23:02:41,-770.0
2022-09-18 23:03:03,-778.0
2022-09-18 23:03:26,-614.0
2022-09-18 23:03:49,-642.0
2022-09-18 23:04:11,-672.0
2022-09-18 23:04:33,-666.0
2022-09-18 23:04:55,-661.0
2022-09-18 23:05:17,-688.0
2022-09-18 23:05:39,-699.0
2022-09-18 23:06:01,-697.0
2022-09-18 23:06:23,-716.0
2022-09-18 23:06:45,-422.0
2022-09-18 23:07:07,-992.0
2022-09-18 23:07:28,-1000.0
2022-09-18 23:07:50,-997.0
2022-09-18 23:08:12,-990.0
2022-09-18 23:08:35,-921.0
2022-09-18 23:08:50,-908.0
2022-09-18 23:09:13,-742.0
2022-09-18 23:09:36,-910.0
2022-09-18 23:09:59,-972.0
2022-09-18 23:10:22,-865.0
2022-09-18 23:10:44,-914.0
2022-09-18 23:11:06,-970.0
2022-09-18 23:11:28,-999.0
2022-09-18 23:11:50,-1004.0
2022-09-18 23:12:11,-1010.0
2022-09-18 23:12:32,-940.0
2022-09-18 23:12:54,-827.0
2022-09-18 23:13:10,-869.0
2022-09-18 23:13:33,-787.0
2022-09-18 23:13:55,-802.0
2022-09-18 23:14:18,-809.0
2022-09-18 23:14:40,-800.0
2022-09-18 23:15:02,-809.0
2022-09-18 23:15:24,-816.0
2022-09-18 23:15:46,-816.0
2022-09-18 23:16:08,-834.0
2022-09-18 23:16:31,-824.0
2022-09-18 23:16:54,-830.0
2022-09-18 23:17:09,-828.0
2022-09-18 23:17:32,-828.0
2022-09-18 23:17:53,-775.0
2022-09-18 23:18:16,-804.0
2022-09-18 23:18:37,-819.0
2022-09-18 23:18:59,-895.0
2022-09-18 23:19:22,-897.0
2022-09-18 23:19:44,-910.0
2022-09-18 23:20:07,-906.0
2022-09-18 23:20:30,-895.0
2022-09-18 23:20:45,-900.0
2022-09-18 23:21:08,-917.0
2022-09-18 23:21:31,-911.0
2022-09-18 23:21:54,-845.0
2022-09-18 23:22:16,-992.0
2022-09-18 23:22:38,-942.0
2022-09-18 23:22:59,-891.0
2022-09-18 23:23:21,-902.0
2022-09-18 23:23:43,-847.0
2022-09-18 23:24:05,-855.0
2022-09-18 23:24:27,-855.0
2022-09-18 23:24:49,-939.0
2022-09-18 23:25:11,-767.0
2022-09-18 23:25:33,-780.0
2022-09-18 23:25:54,-762.0
2022-09-18 23:26:17,-875.0
2022-09-18 23:26:38,-892.0
2022-09-18 23:27:00,-883.0
2022-09-18 23:27:21,-901.0
2022-09-18 23:27:43,-876.0
2022-09-18 23:28:05,-882.0
2022-09-18 23:28:27,-889.0
2022-09-18 23:28:48,-1003.0
2022-09-18 23:29:11,-779.0
2022-09-18 23:29:27,-907.0
2022-09-18 23:29:49,-984.0
2022-09-18 23:30:11,-987.0
2022-09-18 23:30:33,-1004.0
2022-09-18 23:30:55,-1026.0
2022-09-18 23:31:17,-922.0
2022-09-18 23:31:38,-841.0
2022-09-18 23:31:58,-855.0
2022-09-18 23:32:22,-866.0
2022-09-18 23:32:43,-873.0
2022-09-18 23:33:05,-895.0
2022-09-18 23:33:27,-877.0
2022-09-18 23:33:49,-893.0
2022-09-18 23:34:11,-880.0
2022-09-18 23:34:32,-872.0
2022-09-18 23:34:54,-904.0
2022-09-18 23:35:16,-863.0
2022-09-18 23:35:38,-902.0
2022-09-18 23:36:00,-828.0
2022-09-18 23:36:22,-842.0
2022-09-18 23:36:44,-845.0
2022-09-18 23:37:05,-843.0
2022-09-18 23:37:27,-905.0
2022-09-18 23:37:48,-1013.0
2022-09-18 23:38:10,-1019.0
2022-09-18 23:38:32,-1013.0
2022-09-18 23:38:54,-1011.0
2022-09-18 23:39:16,-995.0
2022-09-18 23:39:39,-987.0
2022-09-18 23:40:01,-1036.0
2022-09-18 23:40:16,-1023.0
2022-09-18 23:40:45,-1031.0
2022-09-18 23:40:59,-1020.0
2022-09-18 23:41:21,-1019.0
2022-09-18 23:41:44,-924.0
2022-09-18 23:42:06,-928.0
2022-09-18 23:42:27,-923.0
2022-09-18 23:42:48,-917.0
2022-09-18 23:43:11,-1034.0
2022-09-18 23:43:34,-1018.0
2022-09-18 23:43:56,-1022.0
2022-09-18 23:44:17,-990.0
2022-09-18 23:44:39,-914.0
2022-09-18 23:45:01,-948.0
2022-09-18 23:45:23,-912.0
2022-09-18 23:45:45,-967.0
2022-09-18 23:46:07,-939.0
2022-09-18 23:46:30,-999.0
2022-09-18 23:46:51,-1010.0
2022-09-18 23:47:12,-1011.0
2022-09-18 23:47:34,-999.0
2022-09-18 23:47:58,-1008.0
2022-09-18 23:48:14,-1015.0
2022-09-18 23:48:37,-1038.0
2022-09-18 23:48:58,-1037.0
2022-09-18 23:49:20,-1043.0
2022-09-18 23:49:41,-1023.0
2022-09-18 23:50:05,-1027.0
2022-09-18 23:50:27,-1015.0
2022-09-18 23:50:49,-1016.0
2022-09-18 23:51:11,-1026.0
2022-09-18 23:51:34,-1026.0
2022-09-18 23:51:56,-995.0
2022-09-18 23:52:11,-1005.0
2022-09-18 23:52:33,-849.0
2022-09-18 23:52:57,-904.0
2022-09-18 23:53:20,-1033.0
2022-09-18 23:53:41,-291.0
2022-09-18 23:54:03,-719.0
2022-09-18 23:54:25,-889.0
2022-09-18 23:54:46,-673.0
2022-09-18 23:55:08,-687.0
2022-09-18 23:55:29,-892.0
2022-09-18 23:55:50,-732.0
2022-09-18 23:56:13,-752.0
2022-09-18 23:56:36,-760.0
2022-09-18 23:56:58,-783.0
2022-09-18 23:57:21,-764.0
2022-09-18 23:57:42,-759.0
2022-09-18 23:58:05,-771.0
2022-09-18 23:58:20,-776.0
2022-09-18 23:58:43,-773.0
2022-09-18 23:59:05,-777.0
2022-09-18 23:59:27,-758.0
2022-09-18 23:59:48,-779.0
2022-09-19 00:00:11,-770.0
2022-09-19 00:00:31,-760.0
2022-09-19 00:00:53,-783.0
2022-09-19 00:01:16,-766.0
2022-09-19 00:01:38,-776.0
2022-09-19 00:02:00,-767.0
2022-09-19 00:02:22,-699.0
2022-09-19 00:02:37,-699.0
2022-09-19 00:03:07,-651.0
2022-09-19 00:03:29,-627.0
2022-09-19 00:03:50,-604.0
2022-09-19 00:04:12,-640.0
2022-09-19 00:04:33,-650.0
2022-09-19 00:04:50,-628.0
2022-09-19 00:05:12,-647.0
2022-09-19 00:05:40,-683.0
2022-09-19 00:05:55,-1040.0
2022-09-19 00:06:18,-1009.0
2022-09-19 00:06:40,-985.0
2022-09-19 00:07:01,-1043.0
2022-09-19 00:07:23,-1051.0
2022-09-19 00:07:44,-1047.0
2022-09-19 00:08:05,-1035.0
2022-09-19 00:08:28,-755.0
2022-09-19 00:08:50,-732.0
2022-09-19 00:09:12,-798.0
2022-09-19 00:09:33,-948.0
2022-09-19 00:09:54,-840.0
2022-09-19 00:10:16,-869.0
2022-09-19 00:10:38,-872.0
2022-09-19 00:10:59,-825.0
2022-09-19 00:11:20,-821.0
2022-09-19 00:11:42,-832.0
2022-09-19 00:12:03,-835.0
2022-09-19 00:12:25,-823.0
2022-09-19 00:12:53,-814.0
2022-09-19 00:13:14,-988.0
2022-09-19 00:13:36,-866.0
2022-09-19 00:13:58,-953.0
2022-09-19 00:14:13,-710.0
2022-09-19 00:14:41,-821.0
2022-09-19 00:14:55,-803.0
2022-09-19 00:15:25,-852.0
2022-09-19 00:15:40,-841.0
2022-09-19 00:16:01,-809.0
2022-09-19 00:16:24,-907.0
2022-09-19 00:16:46,-918.0
2022-09-19 00:17:08,-919.0
2022-09-19 00:17:29,-844.0
2022-09-19 00:17:51,-884.0
2022-09-19 00:18:13,-940.0
2022-09-19 00:18:36,-673.0
2022-09-19 00:18:56,-494.0
2022-09-19 00:19:18,-754.0
2022-09-19 00:19:40,-602.0
2022-09-19 00:20:03,-617.0
2022-09-19 00:20:26,-722.0
2022-09-19 00:20:48,-1032.0
2022-09-19 00:21:08,-1033.0
2022-09-19 00:21:30,-1023.0
2022-09-19 00:21:51,-1030.0
2022-09-19 00:22:13,-1026.0
2022-09-19 00:22:34,-965.0
2022-09-19 00:22:55,-1028.0
2022-09-19 00:23:16,-1014.0
2022-09-19 00:23:45,-1016.0
2022-09-19 00:24:05,-1012.0
2022-09-19 00:24:27,-1029.0
2022-09-19 00:24:48,-997.0
2022-09-19 00:25:10,-999.0
2022-09-19 00:25:31,-1004.0
2022-09-19 00:25:55,-1030.0
2022-09-19 00:26:10,-1014.0
2022-09-19 00:26:33,-662.0
2022-09-19 00:26:55,-1039.0
2022-09-19 00:27:18,-971.0
2022-09-19 00:27:40,-953.0
2022-09-19 00:28:02,-944.0
2022-09-19 00:28:24,-942.0
2022-09-19 00:28:48,-1006.0
2022-09-19 00:29:10,-873.0
2022-09-19 00:29:32,-893.0
2022-09-19 00:29:54,-903.0
2022-09-19 00:30:10,-917.0
2022-09-19 00:30:34,-884.0
2022-09-19 00:30:56,-906.0
2022-09-19 00:31:20,-1022.0
2022-09-19 00:31:43,-1016.0
2022-09-19 00:32:06,-743.0
2022-09-19 00:32:21,-768.0
2022-09-19 00:32:43,-804.0
2022-09-19 00:33:06,-796.0
2022-09-19 00:33:30,-833.0
2022-09-19 00:33:52,-851.0
2022-09-19 00:34:14,-832.0
2022-09-19 00:34:38,-757.0
2022-09-19 00:34:54,-813.0
2022-09-19 00:35:15,-819.0
2022-09-19 00:35:37,-793.0
2022-09-19 00:36:00,-799.0
2022-09-19 00:36:22,-808.0
2022-09-19 00:36:46,-796.0
2022-09-19 00:37:08,-781.0
2022-09-19 00:37:30,-789.0
2022-09-19 00:37:52,-833.0
2022-09-19 00:38:13,-805.0
2022-09-19 00:38:35,-825.0
2022-09-19 00:38:51,-810.0
2022-09-19 00:39:13,-881.0
2022-09-19 00:39:36,-786.0
2022-09-19 00:39:58,-818.0
2022-09-19 00:40:20,-1015.0
2022-09-19 00:40:42,-697.0
2022-09-19 00:41:05,-710.0
2022-09-19 00:41:28,-701.0
2022-09-19 00:41:50,-712.0
2022-09-19 00:42:12,-684.0
2022-09-19 00:42:34,-694.0
2022-09-19 00:42:50,-686.0
2022-09-19 00:43:13,-675.0
2022-09-19 00:43:36,-607.0
2022-09-19 00:43:58,-622.0
2022-09-19 00:44:20,-672.0
2022-09-19 00:44:42,-671.0
2022-09-19 00:45:06,-618.0
2022-09-19 00:45:22,-531.0
2022-09-19 00:45:45,-529.0
2022-09-19 00:46:09,-1056.0
2022-09-19 00:46:33,-478.0
2022-09-19 00:46:56,-606.0
2022-09-19 00:47:11,-604.0
2022-09-19 00:47:33,-612.0
2022-09-19 00:47:55,-618.0
2022-09-19 00:48:17,-614.0
2022-09-19 00:48:39,-593.0
2022-09-19 00:49:01,-629.0
2022-09-19 00:49:23,-613.0
2022-09-19 00:49:46,-614.0
2022-09-19 00:50:08,-596.0
2022-09-19 00:50:29,-591.0
2022-09-19 00:50:51,-659.0
2022-09-19 00:51:14,-589.0
2022-09-19 00:51:36,-593.0
2022-09-19 00:51:58,-1027.0
2022-09-19 00:52:19,-670.0
2022-09-19 00:52:42,-666.0
2022-09-19 00:53:04,-653.0
2022-09-19 00:53:26,-652.0
2022-09-19 00:53:48,-714.0
2022-09-19 00:54:10,-803.0
2022-09-19 00:54:31,-776.0
2022-09-19 00:54:47,-811.0
2022-09-19 00:55:09,-787.0
2022-09-19 00:55:32,-824.0
2022-09-19 00:55:54,-808.0
2022-09-19 00:56:17,-836.0
2022-09-19 00:56:39,-814.0
2022-09-19 00:57:02,-810.0
2022-09-19 00:57:25,-827.0
2022-09-19 00:57:40,-725.0
2022-09-19 00:58:04,-709.0
2022-09-19 00:58:27,-726.0
2022-09-19 00:58:50,-131.0
2022-09-19 00:59:08,-442.0
2022-09-19 00:59:32,-444.0
2022-09-19 00:59:56,-123.0
2022-09-19 01:00:19,-1012.0
2022-09-19 01:00:42,-570.0
2022-09-19 01:01:05,-567.0
2022-09-19 01:01:20,-601.0
2022-09-19 01:01:44,-670.0
2022-09-19 01:02:06,-866.0
2022-09-19 01:02:31,-1050.0
2022-09-19 01:02:54,-993.0
2022-09-19 01:03:10,-853.0
2022-09-19 01:03:34,-596.0
2022-09-19 01:03:58,-662.0
2022-09-19 01:04:21,-672.0
2022-09-19 01:04:46,-761.0
2022-09-19 01:05:02,-900.0
2022-09-19 01:05:26,-811.0
2022-09-19 01:05:50,-860.0
2022-09-19 01:06:12,-709.0
2022-09-19 01:06:30,-755.0
2022-09-19 01:06:53,-666.0
2022-09-19 01:07:19,-675.0
2022-09-19 01:07:42,-689.0
2022-09-19 01:07:59,-626.0
2022-09-19 01:08:22,-625.0
2022-09-19 01:08:44,-633.0
2022-09-19 01:09:04,-641.0
2022-09-19 01:09:32,-975.0
2022-09-19 01:09:53,-295.0
2022-09-19 01:10:14,-786.0
2022-09-19 01:10:37,-798.0
2022-09-19 01:10:52,-890.0
2022-09-19 01:11:14,-867.0
2022-09-19 01:11:36,-897.0
2022-09-19 01:11:58,-819.0
2022-09-19 01:12:23,-806.0
2022-09-19 01:12:47,-807.0
2022-09-19 01:13:10,-1008.0
2022-09-19 01:13:27,-717.0
2022-09-19 01:13:54,-996.0
2022-09-19 01:14:11,-965.0
2022-09-19 01:14:34,-1004.0
2022-09-19 01:14:58,-877.0
2022-09-19 01:15:22,-978.0
2022-09-19 01:15:38,-1038.0
2022-09-19 01:16:02,-699.0
2022-09-19 01:16:26,-739.0
2022-09-19 01:16:49,-676.0
2022-09-19 01:17:13,-656.0
2022-09-19 01:17:30,-684.0
2022-09-19 01:17:55,-733.0
2022-09-19 01:18:14,-748.0
2022-09-19 01:18:38,-760.0
2022-09-19 01:19:02,-869.0
2022-09-19 01:19:20,-755.0
2022-09-19 01:19:43,-765.0
2022-09-19 01:20:07,-787.0
2022-09-19 01:20:31,-718.0
2022-09-19 01:20:52,-757.0
2022-09-19 01:21:15,-698.0
2022-09-19 01:21:38,-723.0
2022-09-19 01:21:59,-710.0
2022-09-19 01:22:21,-728.0
2022-09-19 01:22:43,-766.0
2022-09-19 01:23:04,-776.0
2022-09-19 01:23:19,-770.0
2022-09-19 01:23:41,-791.0
2022-09-19 01:24:04,-780.0
2022-09-19 01:24:26,-761.0
2022-09-19 01:24:48,-768.0
2022-09-19 01:25:09,-759.0
2022-09-19 01:25:31,-785.0
2022-09-19 01:25:54,-918.0
2022-09-19 01:26:15,-989.0
2022-09-19 01:26:38,-843.0
2022-09-19 01:27:01,-883.0
2022-09-19 01:27:22,-877.0
2022-09-19 01:27:44,-880.0
2022-09-19 01:28:06,-945.0
2022-09-19 01:28:28,-960.0
2022-09-19 01:28:52,-1040.0
2022-09-19 01:29:07,-1008.0
2022-09-19 01:29:30,-999.0
2022-09-19 01:29:51,-1000.0
2022-09-19 01:30:13,-658.0
2022-09-19 01:30:34,-541.0
2022-09-19 01:30:59,-565.0
2022-09-19 01:31:21,-547.0
2022-09-19 01:31:38,-572.0
2022-09-19 01:32:07,-677.0
2022-09-19 01:32:29,-596.0
2022-09-19 01:32:50,-834.0
2022-09-19 01:33:06,-821.0
2022-09-19 01:33:28,-865.0
2022-09-19 01:33:50,-815.0
2022-09-19 01:34:12,-854.0
2022-09-19 01:34:34,-989.0
2022-09-19 01:34:56,-844.0
2022-09-19 01:35:18,-816.0
2022-09-19 01:35:41,-817.0
2022-09-19 01:36:03,-849.0
2022-09-19 01:36:25,-805.0
2022-09-19 01:36:47,-968.0
2022-09-19 01:37:10,-891.0
2022-09-19 01:37:31,-812.0
2022-09-19 01:37:47,-854.0
2022-09-19 01:38:09,-714.0
2022-09-19 01:38:32,-1015.0
2022-09-19 01:38:54,-1000.0
2022-09-19 01:39:17,-1004.0
2022-09-19 01:39:40,-1005.0
2022-09-19 01:40:02,-1005.0
2022-09-19 01:40:24,-1018.0
2022-09-19 01:40:46,-1013.0
2022-09-19 01:41:01,-1005.0
2022-09-19 01:41:29,-1027.0
2022-09-19 01:41:46,-1006.0
2022-09-19 01:42:08,-997.0
2022-09-19 01:42:32,-1007.0
2022-09-19 01:42:55,-854.0
2022-09-19 01:43:17,-858.0
2022-09-19 01:43:32,-786.0
2022-09-19 01:43:54,-805.0
2022-09-19 01:44:17,-731.0
2022-09-19 01:44:39,-700.0
2022-09-19 01:45:01,-812.0
2022-09-19 01:45:24,-792.0
2022-09-19 01:45:47,-716.0
2022-09-19 01:46:09,-702.0
2022-09-19 01:46:32,-727.0
2022-09-19 01:46:54,-727.0
2022-09-19 01:47:10,-751.0
2022-09-19 01:47:32,-781.0
2022-09-19 01:47:54,-745.0
2022-09-19 01:48:17,-789.0
2022-09-19 01:48:40,-758.0
2022-09-19 01:49:02,-676.0
2022-09-19 01:49:24,-684.0
2022-09-19 01:49:47,-744.0
2022-09-19 01:50:09,-768.0
2022-09-19 01:50:24,-769.0
2022-09-19 01:50:47,-786.0
2022-09-19 01:51:09,-777.0
2022-09-19 01:51:31,-727.0
2022-09-19 01:51:54,-724.0
2022-09-19 01:52:15,-730.0
2022-09-19 01:52:37,-727.0
2022-09-19 01:52:59,-731.0
2022-09-19 01:53:22,-748.0
2022-09-19 01:53:37,-704.0
2022-09-19 01:54:00,-307.0
2022-09-19 09:03:55,30.0
2022-09-19 09:04:17,-453.0
2022-09-19 09:04:40,-72.0
2022-09-19 09:05:01,-103.0
2022-09-19 09:05:25,-602.0
2022-09-19 09:05:45,-530.0
2022-09-19 09:06:05,-648.0
2022-09-19 09:06:29,-250.0
2022-09-19 09:06:51,-498.0
2022-09-19 09:07:13,-563.0
2022-09-19 09:07:33,-533.0
2022-09-19 09:07:50,-413.0
2022-09-19 09:08:15,-400.0
2022-09-19 09:08:36,-873.0
2022-09-19 09:09:00,-692.0
2022-09-19 09:09:17,-132.0
2022-09-19 09:09:42,-207.0
2022-09-19 09:10:06,-763.0
2022-09-19 09:10:22,-1081.0
2022-09-19 09:10:46,-1050.0
2022-09-19 09:11:10,-920.0
2022-09-19 09:11:26,-1120.0
2022-09-19 09:11:49,-847.0
2022-09-19 09:12:11,-1109.0
2022-09-19 09:12:32,-1104.0
2022-09-19 09:12:53,-866.0
2022-09-19 09:13:15,-600.0
2022-09-19 09:13:37,-569.0
2022-09-19 09:14:00,-836.0
2022-09-19 09:14:22,-913.0
2022-09-19 09:14:36,-877.0
2022-09-19 09:14:59,-864.0
2022-09-19 09:15:24,-705.0
2022-09-19 09:15:42,-539.0
2022-09-19 09:16:05,-846.0
2022-09-19 09:16:28,-891.0
2022-09-19 09:16:51,-915.0
2022-09-19 09:17:13,-791.0
2022-09-19 09:17:28,-686.0
2022-09-19 09:17:51,-635.0
2022-09-19 09:18:15,-591.0
2022-09-19 09:18:39,-593.0
2022-09-19 09:19:01,-608.0
2022-09-19 09:19:17,-640.0
2022-09-19 09:19:40,-769.0
2022-09-19 09:20:02,-814.0
2022-09-19 09:20:24,-781.0
2022-09-19 09:20:46,-776.0
2022-09-19 09:21:07,-766.0
2022-09-19 09:21:29,-782.0
2022-09-19 09:21:51,-784.0
2022-09-19 09:22:14,-787.0
2022-09-19 09:22:36,-799.0
2022-09-19 09:22:52,-801.0
2022-09-19 09:23:15,-747.0
2022-09-19 09:23:37,-733.0
2022-09-19 09:23:59,-719.0
2022-09-19 09:24:21,-661.0
2022-09-19 09:24:42,-763.0
2022-09-19 09:25:03,-769.0
2022-09-19 09:25:26,-747.0
2022-09-19 09:25:42,-56.0
2022-09-19 09:26:07,-870.0
2022-09-19 09:26:30,-934.0
2022-09-19 09:26:46,-910.0
2022-09-19 09:27:14,-822.0
2022-09-19 09:27:48,-762.0
2022-09-19 09:28:11,-721.0
2022-09-19 09:28:38,-625.0
2022-09-19 09:28:55,-624.0
2022-09-19 09:29:20,-606.0
2022-09-19 09:29:35,-598.0
2022-09-19 09:30:05,-639.0
2022-09-19 09:30:20,-674.0
2022-09-19 09:30:42,-705.0
2022-09-19 09:31:04,-757.0
2022-09-19 09:31:30,-829.0
2022-09-19 09:31:52,-856.0
2022-09-19 09:32:08,-909.0
2022-09-19 09:32:30,-968.0
2022-09-19 09:32:52,-1067.0
2022-09-19 09:33:15,-1143.0
2022-09-19 09:33:36,-1142.0
2022-09-19 09:33:58,-1103.0
2022-09-19 09:34:21,-1068.0
2022-09-19 09:34:36,-1137.0
2022-09-19 09:35:00,-1098.0
2022-09-19 09:35:21,-896.0
2022-09-19 09:35:42,-1051.0
2022-09-19 09:36:04,-418.0
2022-09-19 09:36:24,-385.0
2022-09-19 09:36:48,-389.0
2022-09-19 09:37:09,-446.0
2022-09-19 09:37:32,-367.0
2022-09-19 09:37:54,-360.0
2022-09-19 09:38:10,-337.0
2022-09-19 09:38:33,-340.0
2022-09-19 09:38:58,-335.0
2022-09-19 09:39:17,-109.0
2022-09-19 09:39:40,-72.0
2022-09-19 09:40:03,-317.0
2022-09-19 09:40:18,-358.0
2022-09-19 09:40:43,-414.0
2022-09-19 09:41:05,-600.0
2022-09-19 09:41:27,-567.0
2022-09-19 09:41:50,-552.0
2022-09-19 09:42:11,-570.0
2022-09-19 09:42:33,-583.0
2022-09-19 09:42:53,-586.0
2022-09-19 09:43:14,-457.0
2022-09-19 09:43:35,-464.0
2022-09-19 09:43:58,-508.0
2022-09-19 09:44:20,-414.0
2022-09-19 09:44:42,-583.0
2022-09-19 09:44:57,-223.0
2022-09-19 09:45:11,-249.0
2022-09-19 09:45:42,-262.0
2022-09-19 09:46:05,-412.0
2022-09-19 09:46:21,-203.0
2022-09-19 09:46:50,-99.0
2022-09-19 09:47:08,-12.0
2022-09-19 09:47:33,-62.0
2022-09-19 09:47:45,-500.0
2022-09-19 09:48:11,-289.0
2022-09-19 09:48:35,-162.0
2022-09-19 09:48:51,-136.0
2022-09-19 09:49:20,-340.0
2022-09-19 09:49:36,-293.0
2022-09-19 09:49:58,-78.0
2022-09-19 09:50:22,-331.0
2022-09-19 09:50:45,-705.0
2022-09-19 09:51:02,-457.0
2022-09-19 09:51:26,-69.0
2022-09-19 09:51:47,-47.0
2022-09-19 09:52:10,-230.0
2022-09-19 09:52:28,-43.0
2022-09-19 09:52:53,-587.0
2022-09-19 09:53:12,-692.0
2022-09-19 09:53:36,-581.0
2022-09-19 09:53:53,-601.0
2022-09-19 09:54:15,-294.0
2022-09-19 09:54:36,-456.0
2022-09-19 09:54:58,-360.0
2022-09-19 09:55:19,-266.0
2022-09-19 09:55:40,-272.0
2022-09-19 09:56:01,-316.0
2022-09-19 09:56:25,-409.0
2022-09-19 09:56:40,-281.0
2022-09-19 09:57:04,-353.0
2022-09-19 09:57:19,-335.0
2022-09-19 09:59:14,-228.0
2022-09-19 09:59:37,-314.0
2022-09-19 09:59:58,-215.0
2022-09-19 10:00:21,-201.0
2022-09-19 10:00:44,-238.0
2022-09-19 10:01:00,-373.0
2022-09-19 10:01:22,-393.0
2022-09-19 10:01:44,-339.0
2022-09-19 10:02:07,-355.0
2022-09-19 10:02:30,-361.0
2022-09-19 10:02:52,-341.0
2022-09-19 10:03:13,-342.0
2022-09-19 10:03:35,-356.0
2022-09-19 10:03:50,-286.0
2022-09-19 10:04:13,-414.0
2022-09-19 10:04:35,-813.0
2022-09-19 10:04:57,-635.0
2022-09-19 10:05:20,-704.0
2022-09-19 10:05:43,-279.0
2022-09-19 10:06:04,-362.0
2022-09-19 10:06:26,-308.0
2022-09-19 10:06:48,-290.0
2022-09-19 10:07:03,-317.0
2022-09-19 10:07:24,-936.0
2022-09-19 10:07:52,-893.0
2022-09-19 10:08:14,-963.0
2022-09-19 10:08:34,-763.0
2022-09-19 10:08:55,-815.0
2022-09-19 10:09:17,-637.0
2022-09-19 10:09:38,-804.0
2022-09-19 10:10:00,-759.0
2022-09-19 10:10:15,-878.0
2022-09-19 10:10:37,-852.0
2022-09-19 10:10:58,-743.0
2022-09-19 10:11:20,-884.0
2022-09-19 10:11:42,-848.0
2022-09-19 10:12:07,-776.0
2022-09-19 10:12:28,-801.0
2022-09-19 10:12:50,-816.0
2022-09-19 10:12:56,-922.0
2022-09-19 10:14:32,-750.0
2022-09-19 10:14:54,-844.0
2022-09-19 10:15:14,-953.0
2022-09-19 10:15:35,-830.0
2022-09-19 10:15:56,-846.0
2022-09-19 10:16:18,-860.0
2022-09-19 10:16:40,-755.0
2022-09-19 10:17:02,-856.0
2022-09-19 10:17:24,-859.0
2022-09-19 10:17:44,-678.0
2022-09-19 10:18:07,-956.0
2022-09-19 10:18:29,-866.0
2022-09-19 10:18:49,-779.0
2022-09-19 10:19:10,-405.0
2022-09-19 10:19:31,-732.0
2022-09-19 10:19:59,-774.0
2022-09-19 10:20:19,-760.0
2022-09-19 10:20:41,-762.0
2022-09-19 10:21:01,-857.0
2022-09-19 10:21:23,-732.0
2022-09-19 10:21:44,-929.0
2022-09-19 10:22:05,-930.0
2022-09-19 10:22:28,-816.0
2022-09-19 10:22:49,-908.0
2022-09-19 10:23:11,-842.0
2022-09-19 10:23:32,-843.0
2022-09-19 10:23:54,-829.0
2022-09-19 10:24:09,-793.0
2022-09-19 10:24:30,-789.0
2022-09-19 10:24:59,-858.0
2022-09-19 10:25:19,-850.0
2022-09-19 10:25:40,-811.0
2022-09-19 10:26:00,-781.0
2022-09-19 10:26:22,-788.0
2022-09-19 10:26:43,-806.0
2022-09-19 10:27:04,-804.0
2022-09-19 10:27:25,-798.0
2022-09-19 10:27:46,-798.0
2022-09-19 10:28:08,-790.0
2022-09-19 10:28:31,-833.0
2022-09-19 10:28:53,-827.0
2022-09-19 10:29:08,-829.0
2022-09-19 10:29:31,-895.0
2022-09-19 10:29:53,-944.0
2022-09-19 10:30:14,-1025.0
2022-09-19 10:30:41,-1016.0
2022-09-19 10:31:03,-1014.0
2022-09-19 10:31:18,-1018.0
2022-09-19 10:31:40,-1021.0
2022-09-19 10:32:00,-1065.0
2022-09-19 10:32:28,-1049.0
2022-09-19 10:32:48,-1058.0
2022-09-19 10:33:09,-1000.0
2022-09-19 10:33:29,-673.0
2022-09-19 10:33:51,-768.0
2022-09-19 10:34:13,-811.0
2022-09-19 10:34:34,-759.0
2022-09-19 10:34:54,-747.0
2022-09-19 10:35:17,-749.0
2022-09-19 10:35:38,-762.0
2022-09-19 10:35:59,-780.0
2022-09-19 10:36:19,-850.0
2022-09-19 10:36:41,-866.0
2022-09-19 10:37:02,-779.0
2022-09-19 10:37:24,-689.0
2022-09-19 10:37:45,-688.0
2022-09-19 10:38:06,-702.0
2022-09-19 10:38:27,-699.0
2022-09-19 10:38:47,-679.0
2022-09-19 10:39:14,-693.0
2022-09-19 10:39:35,-695.0
2022-09-19 10:39:56,-680.0
2022-09-19 10:40:17,-667.0
2022-09-19 10:40:37,11.0
2022-09-19 10:40:58,21.0
2022-09-19 10:41:18,33.0
2022-09-19 10:41:39,-868.0
2022-09-19 10:41:59,-884.0
2022-09-19 10:42:20,-904.0
2022-09-19 10:42:42,-882.0
2022-09-19 10:43:09,-923.0
2022-09-19 10:43:29,-900.0
2022-09-19 10:43:52,-913.0
2022-09-19 10:44:13,-922.0
2022-09-19 10:44:34,-875.0
2022-09-19 10:44:55,-838.0
2022-09-19 10:45:15,-830.0
2022-09-19 10:45:36,-827.0
2022-09-19 10:45:56,-831.0
2022-09-19 10:46:19,-837.0
2022-09-19 10:46:40,-813.0
2022-09-19 10:47:01,-826.0
2022-09-19 10:47:21,-816.0
2022-09-19 10:47:42,-803.0
2022-09-19 10:48:02,-362.0
2022-09-19 10:48:24,129.0
2022-09-19 10:48:45,-135.0
2022-09-19 10:49:07,-88.0
2022-09-19 10:49:34,-403.0
2022-09-19 10:49:56,-87.0
2022-09-19 10:50:12,-67.0
2022-09-19 10:50:33,-106.0
2022-09-19 10:50:56,-112.0
2022-09-19 10:51:17,-115.0
2022-09-19 10:51:38,-108.0
2022-09-19 10:52:05,22.0
2022-09-19 10:52:26,-241.0
2022-09-19 10:52:47,133.0
2022-09-19 10:53:07,80.0
2022-09-19 10:53:29,-596.0
2022-09-19 10:53:50,-569.0
2022-09-19 10:54:10,-740.0
2022-09-19 10:54:31,-837.0
2022-09-19 10:54:51,-836.0
2022-09-19 10:55:11,64.0
2022-09-19 10:55:39,-21.0
2022-09-19 10:56:00,-4.0
2022-09-19 10:56:20,184.0
2022-09-19 10:56:43,128.0
2022-09-19 10:57:03,137.0
2022-09-19 10:57:24,-307.0
2022-09-19 10:57:46,-271.0
2022-09-19 10:58:07,-247.0
2022-09-19 10:58:28,-893.0
2022-09-19 10:58:49,-844.0
2022-09-19 10:59:09,-831.0
2022-09-19 10:59:31,-724.0
2022-09-19 10:59:53,-850.0
2022-09-19 11:00:13,-748.0
2022-09-19 11:00:34,-764.0
2022-09-19 11:00:54,-889.0
2022-09-19 11:01:21,-957.0
2022-09-19 11:01:41,-928.0
2022-09-19 11:02:01,-935.0
2022-09-19 11:02:21,-253.0
2022-09-19 11:02:41,-279.0
2022-09-19 11:03:02,-305.0
2022-09-19 11:03:24,-269.0
2022-09-19 11:03:45,-338.0
2022-09-19 11:04:05,-393.0
2022-09-19 11:04:28,-398.0
2022-09-19 11:04:48,-423.0
2022-09-19 11:05:09,-393.0
2022-09-19 11:05:31,-392.0
2022-09-19 11:05:59,-405.0
2022-09-19 11:06:19,-416.0
2022-09-19 11:06:41,-420.0
2022-09-19 11:07:02,-313.0
2022-09-19 11:07:23,-285.0
2022-09-19 11:07:43,-270.0
2022-09-19 11:07:58,-300.0
2022-09-19 11:21:34,-699.0
2022-09-19 11:21:55,-718.0
2022-09-19 11:22:22,-682.0
2022-09-19 11:22:43,-676.0
2022-09-19 11:23:05,-692.0
2022-09-19 11:23:26,-665.0
2022-09-19 11:23:47,-684.0
2022-09-19 11:24:08,-798.0
2022-09-19 11:24:30,-832.0
2022-09-19 11:24:45,-895.0
2022-09-19 11:25:08,-176.0
2022-09-19 11:25:29,-155.0
2022-09-19 11:25:51,-731.0
2022-09-19 11:26:12,-719.0
2022-09-19 11:26:34,0.0
2022-09-19 11:26:56,-4.0
2022-09-19 11:27:17,-652.0
2022-09-19 11:27:38,-639.0
2022-09-19 11:28:01,-633.0
2022-09-19 11:28:25,-626.0
2022-09-19 11:28:48,-646.0
2022-09-19 11:29:02,-543.0
2022-09-19 11:29:26,-936.0
2022-09-19 11:29:49,-725.0
2022-09-19 11:30:12,-800.0
2022-09-19 11:30:34,-760.0
2022-09-19 11:30:56,-769.0
2022-09-19 11:31:11,-835.0
2022-09-19 11:31:34,-791.0
2022-09-19 11:31:56,-838.0
2022-09-19 11:32:18,-830.0
2022-09-19 11:32:40,-788.0
2022-09-19 11:33:01,-799.0
2022-09-19 11:33:23,-847.0
2022-09-19 11:33:44,-783.0
2022-09-19 11:34:05,-736.0
2022-09-19 11:34:26,-729.0
2022-09-19 11:34:49,-734.0
2022-09-19 11:35:10,-728.0
2022-09-19 11:35:33,-766.0
2022-09-19 11:35:55,-303.0
2022-09-19 11:36:16,-809.0
2022-09-19 11:36:39,-770.0
2022-09-19 11:36:54,-765.0
2022-09-19 11:37:16,-812.0
2022-09-19 11:37:41,-851.0
2022-09-19 11:38:02,-671.0
2022-09-19 11:38:23,-670.0
2022-09-19 11:38:44,-896.0
2022-09-19 11:39:06,-856.0
2022-09-19 11:39:14,-978.0
2022-09-19 11:39:46,-901.0
2022-09-19 11:40:07,-895.0
2022-09-19 11:40:30,-99.0
2022-09-19 11:40:52,-101.0
2022-09-19 11:41:14,-159.0
2022-09-19 11:41:37,-853.0
2022-09-19 11:41:54,-846.0
2022-09-19 11:42:22,-855.0
2022-09-19 11:42:43,-821.0
2022-09-19 11:43:04,-812.0
2022-09-19 11:43:26,-892.0
2022-09-19 11:43:40,-529.0
2022-09-19 11:44:05,-153.0
2022-09-19 11:44:23,-181.0
2022-09-19 11:44:44,-156.0
2022-09-19 11:45:09,-179.0
2022-09-19 11:45:29,-180.0
2022-09-19 11:45:54,-698.0
2022-09-19 11:46:15,-812.0
2022-09-19 11:46:37,-915.0
2022-09-19 11:46:59,-736.0
2022-09-19 11:47:13,-852.0
2022-09-19 11:47:42,-896.0
2022-09-19 11:47:57,-822.0
2022-09-19 11:48:20,-584.0
2022-09-19 11:48:41,-129.0
2022-09-19 11:49:06,-233.0
2022-09-19 11:49:30,-133.0
2022-09-19 11:49:51,-77.0
2022-09-19 11:50:07,157.0
2022-09-19 11:50:29,93.0
2022-09-19 11:50:51,-919.0
2022-09-19 11:51:13,-395.0
2022-09-19 11:51:35,-58.0
2022-09-19 11:51:57,-1190.0
2022-09-19 11:52:19,-886.0
2022-09-19 11:52:40,-109.0
2022-09-19 11:53:02,5.0
2022-09-19 11:53:24,299.0
2022-09-19 11:53:45,16.0
2022-09-19 11:54:06,424.0
2022-09-19 11:54:28,174.0
2022-09-19 11:54:49,100.0
2022-09-19 11:55:11,148.0
2022-09-19 11:55:33,-85.0
2022-09-19 11:55:54,-183.0
2022-09-19 11:56:15,-503.0
2022-09-19 11:56:30,82.0
2022-09-19 11:56:53,-43.0
2022-09-19 11:57:16,-62.0
2022-09-19 11:57:38,187.0
2022-09-19 11:58:01,-140.0
2022-09-19 11:58:23,-231.0
2022-09-19 11:58:45,214.0
2022-09-19 11:59:00,87.0
2022-09-19 11:59:24,101.0
2022-09-19 11:59:45,61.0
2022-09-19 12:00:06,100.0
2022-09-19 12:00:28,45.0
2022-09-19 12:00:51,18.0
2022-09-19 12:01:10,118.0
2022-09-19 12:01:32,164.0
2022-09-19 12:01:53,112.0
2022-09-19 12:02:15,112.0
2022-09-19 12:02:36,57.0
2022-09-19 12:02:57,-12.0
2022-09-19 12:03:18,-88.0
2022-09-19 12:03:40,-286.0
2022-09-19 12:04:02,-167.0
2022-09-19 12:04:23,-17.0
2022-09-19 12:04:44,116.0
2022-09-19 12:05:06,180.0
2022-09-19 12:05:27,170.0
2022-09-19 12:05:52,197.0
2022-09-19 12:06:14,136.0
2022-09-19 12:06:36,125.0
2022-09-19 12:06:57,62.0
2022-09-19 12:07:18,123.0
2022-09-19 12:07:41,67.0
2022-09-19 12:08:02,105.0
2022-09-19 12:08:24,139.0
2022-09-19 12:08:39,148.0
2022-09-19 12:09:02,200.0
2022-09-19 12:09:23,163.0
2022-09-19 12:09:44,114.0
2022-09-19 12:10:05,91.0
2022-09-19 12:10:27,149.0
2022-09-19 12:10:48,147.0
2022-09-19 12:11:10,98.0
2022-09-19 12:11:31,78.0
2022-09-19 12:11:53,76.0
2022-09-19 12:12:14,103.0
2022-09-19 12:12:35,120.0
2022-09-19 12:12:57,105.0
2022-09-19 12:13:18,130.0
2022-09-19 12:13:41,107.0
2022-09-19 12:14:03,97.0
2022-09-19 12:14:25,136.0
2022-09-19 12:14:49,192.0
2022-09-19 18:35:15,-115.0
2022-09-19 18:35:38,-331.0
2022-09-19 18:36:03,-909.0
2022-09-19 18:36:27,-436.0
2022-09-19 18:36:38,-680.0
2022-09-19 18:37:03,-243.0
2022-09-19 18:37:31,-570.0
2022-09-19 18:37:48,-185.0
2022-09-19 18:38:10,-471.0
2022-09-19 18:38:36,-146.0
2022-09-19 18:38:59,-357.0
2022-09-19 18:39:22,-940.0
2022-09-19 18:39:38,-416.0
2022-09-19 18:40:02,-580.0
2022-09-19 18:40:24,-63.0
2022-09-19 18:40:47,-47.0
2022-09-19 18:41:08,-491.0
2022-09-19 18:41:29,-108.0
2022-09-19 18:41:51,261.0
2022-09-19 18:42:18,130.0
2022-09-19 18:42:40,-444.0
2022-09-19 18:43:03,-218.0
2022-09-19 18:43:24,-285.0
2022-09-19 18:43:39,-193.0
2022-09-19 18:44:08,-378.0
2022-09-19 18:44:29,-395.0
2022-09-19 18:44:51,-152.0
2022-09-19 18:45:07,-334.0
2022-09-19 18:45:35,-134.0
2022-09-19 18:45:50,-113.0
2022-09-19 18:46:13,-38.0
2022-09-19 18:46:34,58.0
2022-09-19 18:46:56,74.0
2022-09-19 18:47:19,-4.0
2022-09-19 18:47:41,48.0
2022-09-19 18:48:02,43.0
2022-09-19 18:48:23,73.0
2022-09-19 18:48:45,221.0
2022-09-19 18:49:07,568.0
2022-09-19 18:49:35,-15.0
2022-09-19 18:49:56,-521.0
2022-09-19 18:50:17,-387.0
2022-09-19 18:50:39,-646.0
2022-09-19 18:51:00,-229.0
2022-09-19 18:51:22,-565.0
2022-09-19 18:51:44,-297.0
2022-09-19 18:52:07,172.0
2022-09-19 18:52:21,205.0
2022-09-19 18:52:46,164.0
2022-09-19 18:53:08,128.0
2022-09-19 18:53:31,139.0
2022-09-19 18:53:49,119.0
2022-09-19 18:54:14,136.0
2022-09-19 18:54:35,150.0
2022-09-19 18:54:59,130.0
2022-09-19 18:55:22,189.0
2022-09-19 18:55:46,115.0
2022-09-19 18:56:01,-241.0
2022-09-19 18:56:30,-568.0
2022-09-19 18:56:45,59.0
2022-09-19 18:57:07,-79.0
2022-09-19 18:57:30,255.0
2022-09-19 18:57:54,-74.0
2022-09-19 18:58:15,-28.0
2022-09-19 18:58:38,-37.0
2022-09-19 18:59:00,-196.0
2022-09-19 18:59:21,-15.0
2022-09-19 18:59:42,-42.0
2022-09-19 19:00:04,-2.0
2022-09-19 19:00:26,198.0
2022-09-19 19:00:47,135.0
2022-09-19 19:01:09,0.0
2022-09-19 19:01:31,-467.0
2022-09-19 19:01:55,-179.0
2022-09-19 19:02:12,-539.0
2022-09-19 19:02:36,-365.0
2022-09-19 19:02:59,-164.0
2022-09-19 19:03:23,-493.0
2022-09-19 19:03:39,-346.0
2022-09-19 19:04:02,75.0
2022-09-19 19:04:25,-165.0
2022-09-19 19:04:47,-45.0
2022-09-19 19:05:09,-619.0
2022-09-19 19:05:33,-431.0
2022-09-19 19:05:56,35.0
2022-09-19 19:06:11,-318.0
2022-09-19 19:06:32,-521.0
2022-09-19 19:06:54,-355.0
2022-09-19 19:07:17,47.0
2022-09-19 19:07:38,-292.0
2022-09-19 19:08:01,-814.0
2022-09-19 19:08:24,-547.0
2022-09-19 19:08:46,-106.0
2022-09-19 19:09:08,29.0
2022-09-19 19:09:30,-620.0
2022-09-19 19:09:53,-788.0
2022-09-19 19:10:17,-267.0
2022-09-19 19:10:32,-810.0
2022-09-19 19:10:55,-645.0
2022-09-19 19:11:18,-567.0
2022-09-19 19:11:41,-264.0
2022-09-19 19:12:03,-545.0
2022-09-19 19:12:24,-242.0
2022-09-19 19:12:45,-59.0
2022-09-19 19:13:07,-833.0
2022-09-19 19:13:28,-100.0
2022-09-19 19:13:49,-893.0
2022-09-19 19:14:09,-292.0
2022-09-19 19:14:30,-174.0
2022-09-19 19:14:52,-382.0
2022-09-19 19:15:13,-219.0
2022-09-19 19:15:42,-95.0
2022-09-19 19:16:05,-539.0
2022-09-19 19:16:20,-841.0
2022-09-19 19:16:42,-481.0
2022-09-19 19:17:04,-724.0
2022-09-19 19:17:11,-433.0
2022-09-19 19:20:22,-511.0
2022-09-19 19:20:44,-511.0
2022-09-19 19:21:04,-203.0
2022-09-19 19:21:25,-267.0
2022-09-19 19:21:47,-107.0
2022-09-19 19:22:10,-392.0
2022-09-19 19:22:33,-428.0
2022-09-19 19:22:48,-726.0
2022-09-19 19:23:13,-811.0
2022-09-19 19:23:35,-1027.0
2022-09-19 19:23:58,-855.0
2022-09-19 19:24:20,143.0
2022-09-19 19:24:43,-933.0
2022-09-19 19:25:06,-298.0
2022-09-19 19:25:28,-108.0
2022-09-19 19:25:44,-114.0
2022-09-19 19:26:07,-2.0
2022-09-19 19:26:30,-936.0
2022-09-19 19:26:53,-464.0
2022-09-19 19:27:16,150.0
2022-09-19 19:27:32,-932.0
2022-09-19 19:27:54,-384.0
2022-09-19 19:28:17,-366.0
2022-09-19 19:28:39,-261.0
2022-09-19 19:29:01,-399.0
2022-09-19 19:29:25,56.0
2022-09-19 19:29:46,-370.0
2022-09-19 19:30:06,-380.0
2022-09-19 19:30:27,-932.0
2022-09-19 19:30:47,-716.0
2022-09-19 19:31:14,-989.0
2022-09-19 19:31:30,-918.0
2022-09-19 19:31:53,-285.0
2022-09-19 19:32:16,-745.0
2022-09-19 19:32:38,-262.0
2022-09-19 19:33:00,-475.0
2022-09-19 19:33:22,-925.0
2022-09-19 19:33:45,-750.0
2022-09-19 19:34:09,-696.0
2022-09-19 19:34:25,-699.0
2022-09-19 19:34:47,-123.0
2022-09-19 19:35:15,-265.0
2022-09-19 19:35:31,-487.0
2022-09-19 19:35:56,-799.0
2022-09-19 19:36:19,-610.0
2022-09-19 19:36:42,-257.0
2022-09-19 19:37:04,-705.0
2022-09-19 19:37:19,-876.0
2022-09-19 19:37:48,-789.0
2022-09-19 19:38:02,-648.0
2022-09-19 19:38:26,-545.0
2022-09-19 19:38:48,-748.0
2022-09-19 19:39:10,-780.0
2022-09-19 19:39:31,-926.0
2022-09-19 19:39:53,-686.0
2022-09-19 19:40:14,-61.0
2022-09-19 19:40:36,-829.0
2022-09-19 19:40:58,-393.0
2022-09-19 19:41:20,-693.0
2022-09-19 19:41:41,-734.0
2022-09-19 19:42:03,-199.0
2022-09-19 19:42:25,-645.0
2022-09-19 19:42:47,-695.0
2022-09-19 19:43:09,-465.0
2022-09-19 19:43:30,-691.0
2022-09-19 19:43:53,-694.0
2022-09-19 19:44:15,83.0
2022-09-19 19:44:38,15.0
2022-09-19 19:45:02,156.0
2022-09-19 19:45:17,45.0
2022-09-19 19:45:39,185.0
2022-09-19 19:46:01,-705.0
2022-09-19 19:46:23,118.0
2022-09-19 19:46:49,-340.0
2022-09-19 19:47:05,11.0
2022-09-19 19:47:30,43.0
2022-09-19 19:47:52,-139.0
2022-09-19 19:48:00,-538.0
2022-09-19 20:03:37,-715.0
2022-09-19 20:03:52,192.0
2022-09-19 20:04:40,-92.0
2022-09-19 20:05:03,-122.0
2022-09-19 20:05:25,-318.0
2022-09-19 20:05:47,-213.0
2022-09-19 20:06:08,-457.0
2022-09-19 20:06:32,-147.0
2022-09-19 20:06:54,-112.0
2022-09-19 20:07:17,-110.0
2022-09-19 20:07:39,-132.0
2022-09-19 20:08:00,-138.0
2022-09-19 20:08:16,-133.0
2022-09-19 20:08:37,-137.0
2022-09-19 20:09:00,-408.0
2022-09-19 20:09:22,-677.0
2022-09-19 20:09:46,-479.0
2022-09-19 20:10:09,-345.0
2022-09-19 20:10:24,-395.0
2022-09-19 20:10:49,-86.0
2022-09-19 20:11:09,-92.0
2022-09-19 20:11:31,-128.0
2022-09-19 20:11:53,-115.0
2022-09-19 20:12:15,-109.0
2022-09-19 20:12:33,-625.0
2022-09-19 20:12:57,-786.0
2022-09-19 20:13:21,-787.0
2022-09-19 20:13:44,-288.0
2022-09-19 20:14:05,-84.0
2022-09-19 20:14:27,-109.0
2022-09-19 20:14:50,-343.0
2022-09-19 20:15:12,30.0
2022-09-19 20:15:34,-319.0
2022-09-19 20:15:56,90.0
2022-09-19 20:16:18,-554.0
2022-09-19 20:16:33,-524.0
2022-09-19 20:16:55,-509.0
2022-09-19 20:17:20,-718.0
2022-09-19 20:17:42,-48.0
2022-09-19 20:18:05,-35.0
2022-09-19 20:18:21,-234.0
2022-09-19 20:18:46,-435.0
2022-09-19 20:19:09,-279.0
2022-09-19 20:19:31,-549.0
2022-09-19 20:19:54,-647.0
2022-09-19 20:20:16,-1111.0
2022-09-19 20:20:38,-715.0
2022-09-19 20:20:53,-326.0
2022-09-19 20:21:16,-498.0
2022-09-19 20:21:37,-152.0
2022-09-19 20:21:59,-5.0
2022-09-19 20:22:21,-821.0
2022-09-19 20:22:42,34.0
2022-09-19 20:23:04,-828.0
2022-09-19 20:23:26,-709.0
2022-09-19 20:23:48,-135.0
2022-09-19 20:24:10,-161.0
2022-09-19 20:24:33,-448.0
2022-09-19 20:24:54,-26.0
2022-09-19 20:25:15,-623.0
2022-09-19 20:25:37,-580.0
2022-09-19 20:26:00,-209.0
2022-09-19 20:26:21,-461.0
2022-09-19 20:26:42,-296.0
2022-09-19 20:27:05,-1043.0
2022-09-19 20:27:27,27.0
2022-09-19 20:27:50,-486.0
2022-09-19 20:28:12,-11.0
2022-09-19 20:28:33,-357.0
2022-09-19 20:28:55,-964.0
2022-09-19 20:29:17,-338.0
2022-09-19 20:29:40,-1201.0
2022-09-19 20:30:02,88.0
2022-09-19 20:30:24,42.0
2022-09-19 20:30:39,-145.0
2022-09-19 20:31:01,-338.0
2022-09-19 20:31:24,-334.0
2022-09-19 20:31:45,-877.0
2022-09-19 20:32:08,-558.0
2022-09-19 20:32:32,31.0
2022-09-19 20:32:55,-228.0
2022-09-19 20:33:19,-27.0
2022-09-19 20:33:34,-659.0
2022-09-19 20:33:57,-287.0
2022-09-19 20:34:20,-918.0
2022-09-19 20:34:44,-49.0
2022-09-19 20:35:07,-210.0
2022-09-19 20:35:30,1.0
2022-09-19 20:35:45,-719.0
2022-09-19 20:36:13,-330.0
2022-09-19 20:36:35,-527.0
2022-09-19 20:36:51,-631.0
2022-09-19 20:37:14,-935.0
2022-09-19 20:37:36,-143.0
2022-09-19 20:37:57,-466.0
2022-09-19 20:38:18,-410.0
2022-09-19 20:38:39,-413.0
2022-09-19 20:39:02,-308.0
2022-09-19 20:39:25,-484.0
2022-09-19 20:39:48,-294.0
2022-09-19 20:40:10,-119.0
2022-09-19 20:40:32,-711.0
2022-09-19 20:40:47,-667.0
2022-09-19 20:41:12,-178.0
2022-09-19 20:41:34,-796.0
2022-09-19 20:41:57,-535.0
2022-09-19 20:42:19,-1022.0
2022-09-19 20:42:42,-518.0
2022-09-19 20:43:04,-1237.0
2022-09-19 20:43:19,-447.0
2022-09-19 20:43:42,-261.0
2022-09-19 20:44:05,-1145.0
2022-09-19 20:44:28,-960.0
2022-09-19 20:44:52,-177.0
2022-09-19 20:45:07,-540.0
2022-09-19 20:45:30,-1252.0
2022-09-19 20:45:52,-458.0
2022-09-19 20:46:16,102.0
2022-09-19 20:46:39,-1258.0
2022-09-19 20:47:01,397.0
2022-09-19 20:47:23,18.0
2022-09-19 20:47:40,193.0
2022-09-19 20:48:01,67.0
2022-09-19 20:48:24,128.0
2022-09-19 20:48:47,-735.0
2022-09-19 20:49:09,-347.0
2022-09-19 20:49:31,-742.0
2022-09-19 20:49:52,-853.0
2022-09-19 20:50:14,-353.0
2022-09-19 20:50:32,-164.0
2022-09-19 20:50:55,-696.0
